group,participant_id,signal,frame,type,value
P,P1,left_hand_vertical,2,min,-2.30763131788776
P,P1,left_hand_vertical,41,max,-2.047892024732928
P,P1,left_hand_vertical,69,min,-2.470513625231069
P,P1,left_hand_vertical,108,max,-1.175648127257377
P,P1,left_hand_vertical,122,min,-1.8281530802057768
P,P1,left_hand_vertical,286,max,-1.7754555093371316
P,P1,left_hand_vertical,300,min,-2.28468842840986
P,P1,left_hand_vertical,320,max,-1.7354449334512028
P,P1,left_hand_vertical,371,min,-1.8193908905748128
P,P1,left_hand_vertical,394,max,-1.5493147206967262
P,P1,left_hand_vertical,406,max,-1.3590242568031083
P,P1,left_hand_vertical,424,max,-1.1839584273155648
P,P1,left_hand_vertical,449,min,-1.496872912268025
P,P1,left_hand_vertical,516,min,-1.5988925596139243
P,P1,left_hand_vertical,530,max,-1.4964110541633378
P,P1,left_hand_vertical,565,min,-1.7736984270747322
P,P1,left_hand_vertical,575,max,-1.578512980947704
P,P1,left_hand_vertical,588,min,-1.64229258317756
P,P1,left_hand_vertical,621,max,-1.5064389496727948
P,P1,left_hand_vertical,635,min,-1.6427293130024234
P,P1,left_hand_vertical,664,min,-1.6968113549667267
P,P1,left_hand_vertical,675,min,-1.9877189371346533
P,P1,left_hand_vertical,681,max,-1.738129602924407
P,P1,left_hand_vertical,694,min,-1.8347689848559168
P,P1,left_hand_vertical,729,max,-1.6660727158922777
P,P1,left_hand_vertical,738,min,-1.7533516942714045
P,P1,left_hand_vertical,758,max,-1.2502532126474506
P,P1,left_hand_vertical,774,min,-1.6977238417789955
P,P1,left_hand_vertical,785,max,-1.6329077499370035
P,P1,left_hand_vertical,825,max,-1.4658029970147202
P,P1,right_hand_vertical,10,max,-2.3923475882223366
P,P1,right_hand_vertical,41,max,-2.1080032353485856
P,P1,right_hand_vertical,66,min,-2.522097890771657
P,P1,right_hand_vertical,92,min,-2.5741198264538347
P,P1,right_hand_vertical,116,max,-1.8491414079264292
P,P1,right_hand_vertical,128,min,-1.963859285525272
P,P1,right_hand_vertical,271,max,-1.9086039078814965
P,P1,right_hand_vertical,292,min,-2.067332566085732
P,P1,right_hand_vertical,311,max,-1.1699145531344697
P,P1,right_hand_vertical,322,min,-1.9184874316987104
P,P1,right_hand_vertical,342,max,-1.8604413442423835
P,P1,right_hand_vertical,373,max,-1.397788335298913
P,P1,right_hand_vertical,381,min,-1.8084962397316915
P,P1,right_hand_vertical,423,max,-1.44420430265994
P,P1,right_hand_vertical,447,min,-1.599727699038758
P,P1,right_hand_vertical,550,max,-1.5302699720072104
P,P1,right_hand_vertical,568,max,-1.0257297267354033
P,P1,right_hand_vertical,600,min,-1.800406526478318
P,P1,right_hand_vertical,622,max,-1.6717250787358788
P,P1,right_hand_vertical,655,min,-1.7544122757130152
P,P1,right_hand_vertical,676,max,-1.484033330958947
P,P1,right_hand_vertical,682,min,-1.79811623424753
P,P1,right_hand_vertical,696,max,-1.6528850736580611
P,P1,right_hand_vertical,714,min,-1.7296317789204685
P,P1,right_hand_vertical,739,max,-1.4758790353804234
P,P1,right_hand_vertical,758,min,-2.1632869433566584
P,P1,right_hand_vertical,767,max,-1.8132263144603504
P,P1,right_hand_vertical,847,max,-1.5387405438272377
P,P1,left_hand_horizontal,10,min,-0.3945703282025297
P,P1,left_hand_horizontal,24,max,-0.2745976176291604
P,P1,left_hand_horizontal,36,min,-0.3336746368755608
P,P1,left_hand_horizontal,101,max,0.1948038790771613
P,P1,left_hand_horizontal,117,min,-0.3842103753898373
P,P1,left_hand_horizontal,306,max,0.115637439351679
P,P1,left_hand_horizontal,342,min,-0.25200736639712
P,P1,left_hand_horizontal,375,max,0.1875310058567253
P,P1,left_hand_horizontal,382,min,0.0606284200532614
P,P1,left_hand_horizontal,404,min,-0.027067644433576
P,P1,left_hand_horizontal,439,min,-0.5165966583563604
P,P1,left_hand_horizontal,473,max,-0.4336780117833668
P,P1,left_hand_horizontal,522,max,-0.0270800670004897
P,P1,left_hand_horizontal,551,min,-0.6758515341211495
P,P1,left_hand_horizontal,595,max,-0.1333015554902772
P,P1,left_hand_horizontal,628,min,-0.4758595691013874
P,P1,left_hand_horizontal,658,max,-0.1876500854401306
P,P1,left_hand_horizontal,673,max,-0.0399707274145243
P,P1,left_hand_horizontal,682,min,-0.2542507754004116
P,P1,left_hand_horizontal,698,max,0.2039972425655884
P,P1,left_hand_horizontal,710,min,-0.2609852390904455
P,P1,left_hand_horizontal,749,max,0.1112848857144364
P,P1,left_hand_horizontal,766,min,-0.2875781459858434
P,P1,left_hand_horizontal,779,min,-0.3632570127994853
P,P1,left_hand_horizontal,838,max,-0.3061191232354548
P,P1,right_hand_horizontal,9,min,0.0677726108371054
P,P1,right_hand_horizontal,24,max,0.1659287115911696
P,P1,right_hand_horizontal,35,min,0.084293882348864
P,P1,right_hand_horizontal,78,max,0.2124459871058923
P,P1,right_hand_horizontal,100,min,-0.3245815101608924
P,P1,right_hand_horizontal,117,max,0.2327601766663437
P,P1,right_hand_horizontal,166,min,0.1788343428860832
P,P1,right_hand_horizontal,300,min,0.0129930875508157
P,P1,right_hand_horizontal,323,max,0.2960627870089494
P,P1,right_hand_horizontal,347,min,0.2126453447614393
P,P1,right_hand_horizontal,367,max,0.3059021295409708
P,P1,right_hand_horizontal,381,max,0.4026429052500215
P,P1,right_hand_horizontal,423,min,-0.1073566850836172
P,P1,right_hand_horizontal,436,max,-0.0418940751078333
P,P1,right_hand_horizontal,522,max,0.4054692809483064
P,P1,right_hand_horizontal,552,min,-0.3714706361193235
P,P1,right_hand_horizontal,594,max,0.2770377284032843
P,P1,right_hand_horizontal,631,min,-0.1446470721293865
P,P1,right_hand_horizontal,659,max,0.2607594734340849
P,P1,right_hand_horizontal,670,min,0.0978403280549435
P,P1,right_hand_horizontal,679,max,0.1875510659468654
P,P1,right_hand_horizontal,692,min,-0.0983978536494225
P,P1,right_hand_horizontal,715,max,0.180172551449836
P,P1,right_hand_horizontal,732,min,0.1030585350438896
P,P1,right_hand_horizontal,740,max,0.2696316609570022
P,P1,right_hand_horizontal,758,min,-0.0088495240969931
P,P1,right_hand_horizontal,769,max,0.2411523173545441
P,P1,head_horizontal,8,max,0.027246532735558
P,P1,head_horizontal,27,min,-0.0298541623871179
P,P1,head_horizontal,86,max,0.0262342972363482
P,P1,head_horizontal,140,min,-0.0604674784471237
P,P1,head_horizontal,214,max,0.0619000039931814
P,P1,head_horizontal,305,max,0.1142304365115311
P,P1,head_horizontal,377,max,0.2267699860288334
P,P1,head_horizontal,441,min,-0.1108238248079165
P,P1,head_horizontal,507,max,0.0363849572456096
P,P1,head_horizontal,546,min,-0.2247958355761159
P,P1,head_horizontal,597,max,0.00670453522006
P,P1,head_horizontal,653,max,0.0923962064179647
P,P1,head_horizontal,683,min,-0.0795605282578945
P,P1,head_horizontal,729,max,0.1036284906239575
P,P1,head_horizontal,781,min,0.0025692578050739
P,P1,head_vertical,20,max,1.1000781945289837
P,P1,head_vertical,74,min,0.8877182627863547
P,P1,head_vertical,89,max,1.004912647629726
P,P1,head_vertical,217,min,0.9507364279377816
P,P1,head_vertical,378,min,0.8575750400210548
P,P1,head_vertical,419,max,0.975755231652364
P,P1,head_vertical,522,max,1.0417846379356657
P,P1,head_vertical,531,min,0.984152525381318
P,P1,head_vertical,561,max,1.0493746728470694
P,P1,head_vertical,740,min,0.9840019901633144
P,P10,left_hand_vertical,8,min,-2.512972541438795
P,P10,left_hand_vertical,49,max,-1.938029479129556
P,P10,left_hand_vertical,64,max,-1.796160943404608
P,P10,left_hand_vertical,94,min,-1.9293619716458703
P,P10,left_hand_vertical,155,max,-1.855770893524076
P,P10,left_hand_vertical,199,max,-1.794246817909198
P,P10,left_hand_vertical,268,min,-1.9868911121403976
P,P10,left_hand_vertical,296,max,-1.9042789290900315
P,P10,left_hand_vertical,331,max,-1.8058237546454503
P,P10,left_hand_vertical,393,max,0.5029074209889661
P,P10,left_hand_vertical,409,min,0.4246923076217126
P,P10,left_hand_vertical,428,min,-1.5764648854343033
P,P10,left_hand_vertical,441,max,-1.2614157261569263
P,P10,left_hand_vertical,516,min,-1.3247950837534128
P,P10,left_hand_vertical,645,max,-1.2392495739893366
P,P10,left_hand_vertical,755,min,-1.6443609029409256
P,P10,left_hand_vertical,779,max,-0.7622606962867958
P,P10,left_hand_vertical,789,min,-1.4382095270157251
P,P10,left_hand_vertical,817,max,-0.8357347641541605
P,P10,left_hand_vertical,827,min,-0.994868728458308
P,P10,left_hand_vertical,845,max,-0.7632831725246488
P,P10,left_hand_vertical,854,min,-0.908866065437601
P,P10,left_hand_vertical,878,max,-0.4944889844578687
P,P10,left_hand_vertical,893,min,-1.3031715147607996
P,P10,right_hand_vertical,4,min,-2.6578634939472603
P,P10,right_hand_vertical,62,max,-1.73500685321263
P,P10,right_hand_vertical,72,min,-1.7861621606588098
P,P10,right_hand_vertical,130,max,-1.6861449061407707
P,P10,right_hand_vertical,160,min,-1.746446544632234
P,P10,right_hand_vertical,226,max,-1.6838121542881603
P,P10,right_hand_vertical,246,min,-1.7472838756986646
P,P10,right_hand_vertical,255,min,-1.8014976882162148
P,P10,right_hand_vertical,281,min,-1.885477358220816
P,P10,right_hand_vertical,319,max,-1.8163563784357435
P,P10,right_hand_vertical,376,max,-1.5294932644316328
P,P10,right_hand_vertical,395,min,-1.78051057784097
P,P10,right_hand_vertical,423,min,-1.955616866607779
P,P10,right_hand_vertical,440,max,-1.3033790939438952
P,P10,right_hand_vertical,531,max,-1.2442512759306712
P,P10,right_hand_vertical,709,min,-1.329730194870586
P,P10,right_hand_vertical,758,min,-1.4755872101623335
P,P10,right_hand_vertical,774,min,-1.625696830987729
P,P10,right_hand_vertical,787,min,-1.7669232072645578
P,P10,right_hand_vertical,794,max,-1.657136766232159
P,P10,right_hand_vertical,818,max,-1.3717204941086083
P,P10,right_hand_vertical,825,min,-1.744726361934284
P,P10,right_hand_vertical,854,max,-1.384304979716948
P,P10,right_hand_vertical,879,max,-1.2192535535016482
P,P10,right_hand_vertical,885,min,-1.309398332648483
P,P10,left_hand_horizontal,10,max,-0.0255494616867276
P,P10,left_hand_horizontal,41,max,0.060141430809353
P,P10,left_hand_horizontal,62,min,-0.4091193176164858
P,P10,left_hand_horizontal,132,min,-0.4654968714550381
P,P10,left_hand_horizontal,200,max,-0.2701946860331048
P,P10,left_hand_horizontal,258,min,-0.3771322985302359
P,P10,left_hand_horizontal,287,max,-0.3215355434694831
P,P10,left_hand_horizontal,377,max,0.191021951660002
P,P10,left_hand_horizontal,412,min,-0.3801436213207463
P,P10,left_hand_horizontal,429,max,0.2543682739264236
P,P10,left_hand_horizontal,440,min,0.0321300460835215
P,P10,left_hand_horizontal,550,max,0.1751886137661684
P,P10,left_hand_horizontal,636,min,0.0030546070583486
P,P10,left_hand_horizontal,674,max,0.0693505159466247
P,P10,left_hand_horizontal,732,min,0.014687573899018
P,P10,left_hand_horizontal,782,max,0.4096252248598217
P,P10,left_hand_horizontal,789,min,0.0056204724951787
P,P10,left_hand_horizontal,809,max,0.5042291833363893
P,P10,left_hand_horizontal,824,min,-0.1708116734915223
P,P10,left_hand_horizontal,865,max,0.450694411868862
P,P10,left_hand_horizontal,888,min,-0.5251883239991305
P,P10,right_hand_horizontal,11,max,-0.1026105229210937
P,P10,right_hand_horizontal,51,min,-0.1670381435517997
P,P10,right_hand_horizontal,65,max,0.1177232669552443
P,P10,right_hand_horizontal,130,min,0.036367039369712
P,P10,right_hand_horizontal,193,max,0.2244236079876023
P,P10,right_hand_horizontal,253,min,0.1192326990414855
P,P10,right_hand_horizontal,290,max,0.214857717543137
P,P10,right_hand_horizontal,321,min,0.1467510686504607
P,P10,right_hand_horizontal,371,min,0.0354051246731417
P,P10,right_hand_horizontal,380,max,0.1524304520710282
P,P10,right_hand_horizontal,408,min,0.0517479112001616
P,P10,right_hand_horizontal,429,min,-0.4017859230439168
P,P10,right_hand_horizontal,441,max,-0.1086546179684191
P,P10,right_hand_horizontal,513,max,-0.043145562667029
P,P10,right_hand_horizontal,625,min,-0.1136132619356064
P,P10,right_hand_horizontal,670,max,-0.0421133801417023
P,P10,right_hand_horizontal,770,min,-0.2805118149968475
P,P10,right_hand_horizontal,779,max,-0.1591754627988527
P,P10,right_hand_horizontal,786,min,-0.2364146358049419
P,P10,right_hand_horizontal,800,max,-0.0349965658976301
P,P10,right_hand_horizontal,823,min,-0.417277876492578
P,P10,right_hand_horizontal,844,max,-0.1429802797255884
P,P10,right_hand_horizontal,856,min,-0.2138037999453375
P,P10,right_hand_horizontal,889,max,0.1264853401041633
P,P10,head_horizontal,8,max,-0.0223065659085988
P,P10,head_horizontal,374,max,0.0330295332004074
P,P10,head_horizontal,389,max,0.099807542397065
P,P10,head_horizontal,411,min,0.0092117889349104
P,P10,head_horizontal,656,min,-0.1044481089394436
P,P10,head_horizontal,681,max,0.0126093597631042
P,P10,head_horizontal,730,min,-0.0409713165208788
P,P10,head_horizontal,782,max,0.0105886232851867
P,P10,head_horizontal,840,max,0.0817731543568262
P,P10,head_horizontal,857,min,0.0099034622894323
P,P10,head_horizontal,888,min,-0.097840975894362
P,P10,head_vertical,11,max,1.0783309698814327
P,P10,head_vertical,77,max,1.234539801555781
P,P10,head_vertical,95,min,1.1757981286126271
P,P10,head_vertical,164,min,1.1073673605904273
P,P10,head_vertical,181,max,1.17455520635346
P,P10,head_vertical,218,min,1.0819853068100247
P,P10,head_vertical,237,max,1.194649261378854
P,P10,head_vertical,275,min,1.0882705713873717
P,P10,head_vertical,390,min,0.9422039912111544
P,P10,head_vertical,403,max,1.009259121383727
P,P10,head_vertical,424,max,1.1433154330981108
P,P10,head_vertical,442,min,0.9571649585670616
P,P10,head_vertical,684,max,1.105393381007186
P,P10,head_vertical,705,min,1.0274177117409389
P,P10,head_vertical,754,min,0.9718076198604362
P,P10,head_vertical,778,max,1.0927827349650792
P,P10,head_vertical,785,min,1.0208030680017623
P,P10,head_vertical,864,min,0.938193876039775
P,P10,head_vertical,893,max,1.0965977059413583
P,P11,left_hand_vertical,1,min,-1.7743046684387689
P,P11,left_hand_vertical,21,max,-1.7099606231297428
P,P11,left_hand_vertical,33,min,-1.7795958522319717
P,P11,left_hand_vertical,55,max,-1.6205053704014427
P,P11,left_hand_vertical,75,min,-1.737451248186553
P,P11,left_hand_vertical,88,max,-1.675873598167268
P,P11,left_hand_vertical,256,max,-1.5836006699377525
P,P11,left_hand_vertical,286,min,-1.6693507984702
P,P11,left_hand_vertical,419,min,-1.753559397875081
P,P11,left_hand_vertical,445,max,-1.6981830770261863
P,P11,left_hand_vertical,499,max,-1.6412201081614926
P,P11,left_hand_vertical,534,min,-1.7141853792183208
P,P11,left_hand_vertical,584,max,0.2462311810874823
P,P11,left_hand_vertical,599,min,-1.4972731906187664
P,P11,left_hand_vertical,607,min,-1.7135488892631838
P,P11,left_hand_vertical,623,max,-1.600830020362778
P,P11,left_hand_vertical,637,min,-1.7018222409211077
P,P11,left_hand_vertical,648,max,-1.6371848343761513
P,P11,left_hand_vertical,720,min,-1.7005774385883865
P,P11,left_hand_vertical,867,min,-1.7673214988450612
P,P11,left_hand_vertical,878,max,-1.6759442667034703
P,P11,left_hand_vertical,891,min,-1.7366193418578737
P,P11,left_hand_vertical,901,max,-1.6850458821029537
P,P11,right_hand_vertical,2,max,-1.774420764261924
P,P11,right_hand_vertical,259,max,-1.680850162275177
P,P11,right_hand_vertical,275,min,-1.747993731237809
P,P11,left_hand_horizontal,2,min,0.2832816499429399
P,P11,left_hand_horizontal,19,min,0.1006876953331076
P,P11,left_hand_horizontal,32,max,0.2342271772037171
P,P11,left_hand_horizontal,419,min,0.1583271548639625
P,P11,left_hand_horizontal,454,max,0.2474209685025271
P,P11,left_hand_horizontal,561,min,-0.127481809968616
P,P11,left_hand_horizontal,600,max,0.2637509836903649
P,P11,left_hand_horizontal,721,min,0.2066539050584717
P,P11,left_hand_horizontal,869,min,0.1273015375021256
P,P11,left_hand_horizontal,888,max,0.2398221446018134
P,P11,right_hand_horizontal,2,min,-0.3575825093979761
P,P11,right_hand_horizontal,17,max,-0.1958187188069111
P,P11,right_hand_horizontal,32,min,-0.3179566400620825
P,P11,right_hand_horizontal,43,max,-0.2266864688361563
P,P11,right_hand_horizontal,260,min,-0.2906818983231896
P,P11,right_hand_horizontal,327,max,-0.2389195211824235
P,P11,right_hand_horizontal,450,max,-0.1877079237618865
P,P11,right_hand_horizontal,476,min,-0.240299170246651
P,P11,right_hand_horizontal,577,min,-0.2918495402268387
P,P11,right_hand_horizontal,602,max,-0.2256639534736095
P,P11,right_hand_horizontal,867,min,-0.2933842843608112
P,P11,right_hand_horizontal,885,max,-0.1607017230370105
P,P11,right_hand_horizontal,901,min,-0.2434326134478342
P,P11,head_horizontal,18,min,-0.0469648740754671
P,P11,head_horizontal,37,min,-0.3477273231622289
P,P11,head_horizontal,72,max,-0.0874136620568185
P,P11,head_horizontal,95,max,-0.004474449306938
P,P11,head_horizontal,125,min,-0.203404917870507
P,P11,head_horizontal,186,max,0.2043571063520851
P,P11,head_horizontal,223,min,0.1295494650988778
P,P11,head_horizontal,255,min,-0.1180774651954606
P,P11,head_horizontal,318,max,-0.0147003984281702
P,P11,head_horizontal,370,max,0.1026891318701943
P,P11,head_horizontal,421,min,-0.0719016051947831
P,P11,head_horizontal,454,min,-0.1262798211827084
P,P11,head_horizontal,492,max,-0.0204698911240514
P,P11,head_horizontal,525,max,0.1454375566686715
P,P11,head_horizontal,552,min,-0.036805956114857
P,P11,head_horizontal,606,min,-0.0965011749216008
P,P11,head_horizontal,630,max,-0.0410937426056534
P,P11,head_horizontal,723,min,-0.1448255228873877
P,P11,head_horizontal,759,max,-0.0468728213802857
P,P11,head_horizontal,777,max,0.031224814335672
P,P11,head_horizontal,799,min,-0.0706087691514022
P,P11,head_horizontal,858,min,-0.1458179688202597
P,P11,head_horizontal,884,max,-0.0248025417581955
P,P11,head_vertical,1,max,0.6354449544937075
P,P11,head_vertical,39,min,0.5442565675714727
P,P11,head_vertical,59,max,0.6532855823361137
P,P11,head_vertical,130,max,0.7401204736641749
P,P11,head_vertical,175,min,0.5872892597234025
P,P11,head_vertical,195,min,0.4705594284348291
P,P11,head_vertical,265,max,0.7015615765527387
P,P11,head_vertical,385,min,0.631333460551782
P,P11,head_vertical,441,max,0.6883232626549614
P,P11,head_vertical,511,min,0.6179690565838376
P,P11,head_vertical,605,max,0.7121020049058228
P,P11,head_vertical,780,min,0.6513110799155986
P,P11,head_vertical,797,min,0.5450684233273111
P,P11,head_vertical,821,max,0.6205788071613302
P,P11,head_vertical,851,max,0.6916510488203452
P,P12,left_hand_vertical,1,min,-2.70276220921454
P,P12,left_hand_vertical,24,max,-1.7608638445340663
P,P12,left_hand_vertical,30,max,-1.6749805234521933
P,P12,left_hand_vertical,54,max,-1.55322184731351
P,P12,left_hand_vertical,75,max,-1.5007934061115604
P,P12,left_hand_vertical,104,min,-1.5878289176971605
P,P12,left_hand_vertical,141,max,-1.3724014334205343
P,P12,left_hand_vertical,193,max,-1.0208631383794604
P,P12,left_hand_vertical,217,max,-0.9246838194095384
P,P12,left_hand_vertical,245,min,-1.3475525456186344
P,P12,left_hand_vertical,261,max,-0.948306043143218
P,P12,left_hand_vertical,268,min,-1.1073464627959038
P,P12,left_hand_vertical,283,max,-0.8484036071242502
P,P12,left_hand_vertical,309,min,-1.0383240961022362
P,P12,left_hand_vertical,319,max,-0.958440870071387
P,P12,left_hand_vertical,340,min,-1.0551175804837645
P,P12,left_hand_vertical,348,max,-0.5134336497352957
P,P12,left_hand_vertical,353,min,-0.9494503583295744
P,P12,left_hand_vertical,360,max,-0.7468066680032788
P,P12,left_hand_vertical,384,min,-0.9416841761367049
P,P12,left_hand_vertical,410,min,-1.0844864681754385
P,P12,left_hand_vertical,435,min,-1.1725510194023403
P,P12,left_hand_vertical,471,max,-0.9297986075029384
P,P12,left_hand_vertical,483,max,-0.8409146609220541
P,P12,left_hand_vertical,495,max,-0.721580056354044
P,P12,left_hand_vertical,510,min,-0.9119942330819352
P,P12,left_hand_vertical,592,max,-0.597234616990613
P,P12,left_hand_vertical,607,min,-2.707268852980329
P,P12,left_hand_vertical,616,max,-2.5697113930712137
P,P12,left_hand_vertical,626,min,-2.6712170788847414
P,P12,left_hand_vertical,638,max,-2.5496726694501075
P,P12,left_hand_vertical,661,min,-2.6137657521742965
P,P12,left_hand_vertical,693,min,-2.6818677385864023
P,P12,left_hand_vertical,781,max,-1.611160243874511
P,P12,left_hand_vertical,812,max,-1.5017685416685391
P,P12,left_hand_vertical,848,max,-1.1476914860554237
P,P12,left_hand_vertical,858,min,-1.2909907725654897
P,P12,left_hand_vertical,887,min,-1.6893292646262268
P,P12,left_hand_vertical,902,max,-1.5759470846370358
P,P12,right_hand_vertical,6,min,-2.7630813780129686
P,P12,right_hand_vertical,29,max,-1.6232300324751925
P,P12,right_hand_vertical,60,max,-1.5362411108324725
P,P12,right_hand_vertical,116,max,-1.3671213750748266
P,P12,right_hand_vertical,164,max,-1.2867221325256564
P,P12,right_hand_vertical,172,min,-1.381442061909092
P,P12,right_hand_vertical,187,max,-1.292242087237526
P,P12,right_hand_vertical,192,min,-1.3601975851362325
P,P12,right_hand_vertical,205,max,-1.002833661451224
P,P12,right_hand_vertical,220,max,-0.8785634693688864
P,P12,right_hand_vertical,242,min,-1.3830097749039385
P,P12,right_hand_vertical,252,max,-1.2372321284516392
P,P12,right_hand_vertical,267,max,-0.8962860152898502
P,P12,right_hand_vertical,272,min,-0.9529818130602448
P,P12,right_hand_vertical,287,max,-0.793283228661961
P,P12,right_hand_vertical,304,min,-0.9946725409881334
P,P12,right_hand_vertical,322,max,-0.8665201698487959
P,P12,right_hand_vertical,337,min,-0.9923816641976864
P,P12,right_hand_vertical,345,min,-1.1534766514126489
P,P12,right_hand_vertical,360,max,-0.7026688558352777
P,P12,right_hand_vertical,391,min,-0.8811110507214625
P,P12,right_hand_vertical,436,min,-1.0070470834254763
P,P12,right_hand_vertical,470,max,-0.8715528843347703
P,P12,right_hand_vertical,496,min,-0.9374371367420998
P,P12,right_hand_vertical,505,max,-0.8582758448562468
P,P12,right_hand_vertical,535,min,-0.934461909510126
P,P12,right_hand_vertical,594,max,-0.7675921443488849
P,P12,right_hand_vertical,611,min,-2.784889729977693
P,P12,right_hand_vertical,653,min,-2.9083826611794694
P,P12,right_hand_vertical,697,max,-2.7276530919673587
P,P12,right_hand_vertical,716,max,-2.641165211638856
P,P12,right_hand_vertical,732,min,-2.710353186935865
P,P12,right_hand_vertical,805,max,-1.4311650263245268
P,P12,right_hand_vertical,826,min,-1.5018016191670391
P,P12,right_hand_vertical,849,max,-0.5154050765303111
P,P12,right_hand_vertical,858,min,-1.3539175263750265
P,P12,right_hand_vertical,879,min,-1.5147372987925098
P,P12,left_hand_horizontal,8,max,0.2065606883440394
P,P12,left_hand_horizontal,26,min,-0.243310818282756
P,P12,left_hand_horizontal,54,max,-0.159934742448338
P,P12,left_hand_horizontal,76,max,-0.0958069281793208
P,P12,left_hand_horizontal,102,min,-0.2325260529612677
P,P12,left_hand_horizontal,130,min,-0.4571073371188855
P,P12,left_hand_horizontal,189,max,-0.1561367661763219
P,P12,left_hand_horizontal,206,min,-0.3259292963336835
P,P12,left_hand_horizontal,264,max,-0.1390225363297042
P,P12,left_hand_horizontal,274,min,-0.5212725750002558
P,P12,left_hand_horizontal,292,max,-0.4395069712294227
P,P12,left_hand_horizontal,317,max,-0.3766988733899876
P,P12,left_hand_horizontal,336,min,-0.4356730262202093
P,P12,left_hand_horizontal,343,max,-0.2351134215841144
P,P12,left_hand_horizontal,348,min,-0.3259942432769446
P,P12,left_hand_horizontal,481,max,-0.2479661404162779
P,P12,left_hand_horizontal,519,min,-0.2997662071897325
P,P12,left_hand_horizontal,591,min,-0.4145411545217568
P,P12,left_hand_horizontal,613,max,0.3248033408901724
P,P12,left_hand_horizontal,625,min,0.1736815814768993
P,P12,left_hand_horizontal,634,max,0.3100193945879118
P,P12,left_hand_horizontal,642,min,0.2345257205833488
P,P12,left_hand_horizontal,651,max,0.2954968362842459
P,P12,left_hand_horizontal,698,min,0.1039892173501506
P,P12,left_hand_horizontal,708,max,0.1607452882259527
P,P12,left_hand_horizontal,722,min,0.063934820486199
P,P12,left_hand_horizontal,740,max,0.175373644474909
P,P12,left_hand_horizontal,753,min,0.1019034357911062
P,P12,left_hand_horizontal,779,min,-0.2742736920811289
P,P12,left_hand_horizontal,800,max,-0.2208631045654178
P,P12,left_hand_horizontal,837,max,0.0296486793124745
P,P12,left_hand_horizontal,846,min,-0.1051994938472444
P,P12,left_hand_horizontal,872,max,0.0142385395232218
P,P12,left_hand_horizontal,883,min,-0.3200898450045518
P,P12,right_hand_horizontal,1,min,-0.2281734230199107
P,P12,right_hand_horizontal,25,max,0.2169238648523642
P,P12,right_hand_horizontal,61,max,0.2988576410840505
P,P12,right_hand_horizontal,80,max,0.3596030804179076
P,P12,right_hand_horizontal,99,min,0.1876993673492014
P,P12,right_hand_horizontal,126,min,0.1290723379950221
P,P12,right_hand_horizontal,205,max,0.4750596196192653
P,P12,right_hand_horizontal,242,min,0.3926220801815807
P,P12,right_hand_horizontal,264,min,0.1975761397391936
P,P12,right_hand_horizontal,284,max,0.323537365025723
P,P12,right_hand_horizontal,314,max,0.3828017441951302
P,P12,right_hand_horizontal,328,min,0.3073209919775726
P,P12,right_hand_horizontal,344,min,0.1369954406772098
P,P12,right_hand_horizontal,357,max,0.4195777177078614
P,P12,right_hand_horizontal,471,min,0.3439708767673555
P,P12,right_hand_horizontal,484,max,0.446579918095223
P,P12,right_hand_horizontal,618,min,-0.2879241823111362
P,P12,right_hand_horizontal,640,max,0.0535215666540004
P,P12,right_hand_horizontal,654,min,-0.0122497532977363
P,P12,right_hand_horizontal,666,max,0.0432696003362395
P,P12,right_hand_horizontal,680,min,-0.0273605247566151
P,P12,right_hand_horizontal,699,min,-0.2106437968353511
P,P12,right_hand_horizontal,741,max,-0.1418885190294865
P,P12,right_hand_horizontal,780,max,0.2107091530908041
P,P12,right_hand_horizontal,827,max,0.2765919897030347
P,P12,right_hand_horizontal,835,min,0.1621828893086871
P,P12,right_hand_horizontal,844,max,0.2240942904103347
P,P12,right_hand_horizontal,854,min,-0.3249233934581446
P,P12,right_hand_horizontal,885,max,0.2376962027566025
P,P12,head_horizontal,7,min,-0.039406329856936
P,P12,head_horizontal,66,max,0.1875643574031131
P,P12,head_horizontal,103,min,-0.1184500713269712
P,P12,head_horizontal,138,max,-0.0405674936905462
P,P12,head_horizontal,232,min,-0.1043263301607218
P,P12,head_horizontal,303,min,-0.1806828949385792
P,P12,head_horizontal,581,max,-0.0633137571138793
P,P12,head_horizontal,625,max,0.306040047765168
P,P12,head_horizontal,647,max,0.3604412839069807
P,P12,head_horizontal,684,min,0.1937900235792705
P,P12,head_horizontal,720,min,-0.072409373301356
P,P12,head_horizontal,736,min,-0.1898571443171146
P,P12,head_horizontal,771,max,-0.033247396994076
P,P12,head_horizontal,847,min,-0.1084971816103758
P,P12,head_horizontal,860,max,0.0378408725356304
P,P12,head_vertical,2,min,1.2047543576715691
P,P12,head_vertical,20,max,1.2675050493050366
P,P12,head_vertical,38,min,1.2136104672651171
P,P12,head_vertical,121,min,0.8375077056586262
P,P12,head_vertical,291,max,0.8901719432486882
P,P12,head_vertical,341,max,0.9435377801553192
P,P12,head_vertical,358,min,0.8627424939530476
P,P12,head_vertical,507,max,0.9307487280517006
P,P12,head_vertical,570,max,1.110688150591031
P,P12,head_vertical,579,min,1.0587207412937505
P,P12,head_vertical,613,max,1.1712630138690434
P,P12,head_vertical,648,max,1.2553188410391725
P,P12,head_vertical,728,min,1.2034733604954722
P,P13,left_hand_vertical,2,min,-2.5929611050471624
P,P13,left_hand_vertical,30,max,-2.5298793621788667
P,P13,left_hand_vertical,61,min,-2.592087192012362
P,P13,left_hand_vertical,122,max,-2.5337545277830147
P,P13,left_hand_vertical,198,min,-2.61758586399428
P,P13,left_hand_vertical,315,max,-2.566444850541421
P,P13,left_hand_vertical,387,min,-2.6581147026073952
P,P13,left_hand_vertical,431,max,-2.5738874417398203
P,P13,left_hand_vertical,794,min,-2.629978785934273
P,P13,left_hand_vertical,806,max,-2.531046549143348
P,P13,left_hand_vertical,833,min,-2.593596194664311
P,P13,right_hand_vertical,9,max,-2.5334011365144247
P,P13,right_hand_vertical,39,max,-2.3214460712461564
P,P13,right_hand_vertical,69,min,-2.4388724904441186
P,P13,right_hand_vertical,211,min,-2.518890430797233
P,P13,right_hand_vertical,376,min,-2.601368667284523
P,P13,right_hand_vertical,566,max,-2.5498533362799187
P,P13,left_hand_horizontal,8,max,0.18185841463083
P,P13,left_hand_horizontal,323,min,0.1217747485665214
P,P13,left_hand_horizontal,382,max,0.1773349854345491
P,P13,left_hand_horizontal,405,max,0.2373098054589528
P,P13,left_hand_horizontal,564,min,0.1855834346950844
P,P13,left_hand_horizontal,744,max,0.2386714573348111
P,P13,right_hand_horizontal,10,max,-0.4061093830093107
P,P13,right_hand_horizontal,132,max,-0.3391780371974939
P,P13,right_hand_horizontal,432,max,-0.2568762958175288
P,P13,right_hand_horizontal,504,min,-0.3091332790590068
P,P13,head_horizontal,8,max,-0.0415070864779906
P,P13,head_horizontal,349,max,0.0179938436803084
P,P13,head_horizontal,430,min,-0.0374008339157913
P,P13,head_vertical,35,min,0.8841592013408771
P,P13,head_vertical,146,max,0.9414097515263612
P,P13,head_vertical,224,max,1.0007401973732948
P,P13,head_vertical,330,min,0.9486017486970184
P,P13,head_vertical,462,min,0.8754179693392544
P,P13,head_vertical,566,max,0.9561885221836484
P,P14,left_hand_vertical,10,max,-1.3437370401087432
P,P14,left_hand_vertical,92,max,-1.2484562195628133
P,P14,left_hand_vertical,144,min,-1.662617571743597
P,P14,left_hand_vertical,170,max,-1.497986707508724
P,P14,left_hand_vertical,190,min,-1.5594306075708495
P,P14,left_hand_vertical,205,max,-1.4435304964071325
P,P14,left_hand_vertical,217,min,-1.5476313449476586
P,P14,left_hand_vertical,278,max,-1.4163444147838449
P,P14,left_hand_vertical,308,max,-1.2962500661803238
P,P14,left_hand_vertical,330,min,-1.5468746237334725
P,P14,left_hand_vertical,343,max,-1.3703059739638226
P,P14,left_hand_vertical,354,min,-1.4330214755624964
P,P14,left_hand_vertical,384,max,-1.3809253836652695
P,P14,left_hand_vertical,397,min,-1.4632849132580683
P,P14,left_hand_vertical,460,max,-1.2245885985818197
P,P14,left_hand_vertical,489,min,-1.5113727064715825
P,P14,left_hand_vertical,512,max,-1.3520508045688446
P,P14,left_hand_vertical,526,min,-1.4987156026839432
P,P14,left_hand_vertical,654,max,-1.4023851262235487
P,P14,left_hand_vertical,680,max,-1.3364801763136789
P,P14,left_hand_vertical,707,min,-1.4640793964815906
P,P14,left_hand_vertical,748,min,-1.5463455768709304
P,P14,left_hand_vertical,803,max,-1.286558401558131
P,P14,left_hand_vertical,814,min,-1.4057572228071489
P,P14,left_hand_vertical,842,min,-1.4796296610642614
P,P14,left_hand_vertical,910,max,-1.3182784762763042
P,P14,right_hand_vertical,32,min,-1.3450979538367926
P,P14,right_hand_vertical,105,max,-1.0263196182026997
P,P14,right_hand_vertical,119,min,-1.2773702753506715
P,P14,right_hand_vertical,144,min,-1.4570564023478856
P,P14,right_hand_vertical,204,min,-1.5146112229771995
P,P14,right_hand_vertical,237,max,-1.3298017060656104
P,P14,right_hand_vertical,408,min,-1.3934183861064924
P,P14,right_hand_vertical,459,max,-1.317192163928784
P,P14,right_hand_vertical,470,min,-1.374328936751727
P,P14,right_hand_vertical,489,min,-1.4570216421257698
P,P14,right_hand_vertical,534,max,-1.3805636936393222
P,P14,right_hand_vertical,563,min,-1.4335666019438973
P,P14,right_hand_vertical,605,min,-1.487997068391465
P,P14,right_hand_vertical,644,max,-1.4215541183831502
P,P14,right_hand_vertical,769,min,-1.496239337825501
P,P14,right_hand_vertical,803,max,-1.3667879773988554
P,P14,left_hand_horizontal,17,min,-0.2747329036432552
P,P14,left_hand_horizontal,96,max,0.0906411707377338
P,P14,left_hand_horizontal,108,min,-0.2807199582257307
P,P14,left_hand_horizontal,129,max,-0.1175885751014079
P,P14,left_hand_horizontal,145,min,-0.3118286350471695
P,P14,left_hand_horizontal,165,min,-0.4274964549027339
P,P14,left_hand_horizontal,181,max,-0.3052397591257985
P,P14,left_hand_horizontal,313,max,-0.1617570391779071
P,P14,left_hand_horizontal,326,min,-0.3359608011481242
P,P14,left_hand_horizontal,384,max,-0.217700674302518
P,P14,left_hand_horizontal,405,min,-0.3102935586089145
P,P14,left_hand_horizontal,472,max,0.0364114216083906
P,P14,left_hand_horizontal,493,min,-0.218000618276191
P,P14,left_hand_horizontal,513,min,-0.2892490450566938
P,P14,left_hand_horizontal,525,max,-0.1925842806774994
P,P14,left_hand_horizontal,554,min,-0.2800229953594218
P,P14,left_hand_horizontal,596,max,-0.1412430418512292
P,P14,left_hand_horizontal,604,min,-0.2126410236125485
P,P14,left_hand_horizontal,647,min,-0.2789311482047228
P,P14,left_hand_horizontal,681,max,-0.0880874812754929
P,P14,left_hand_horizontal,706,min,-0.1583090030276834
P,P14,left_hand_horizontal,724,max,-0.0607004548761495
P,P14,left_hand_horizontal,732,min,-0.2191175761920182
P,P14,left_hand_horizontal,763,min,-0.2984391666233828
P,P14,left_hand_horizontal,801,max,-0.0743737819225044
P,P14,left_hand_horizontal,812,min,-0.2865190918154531
P,P14,left_hand_horizontal,834,max,-0.2296764427431709
P,P14,left_hand_horizontal,846,min,-0.2910479813252948
P,P14,left_hand_horizontal,862,max,-0.2309825930826933
P,P14,left_hand_horizontal,905,max,-0.1756638662666508
P,P14,left_hand_horizontal,917,min,-0.3401876208284272
P,P14,right_hand_horizontal,1,min,0.2489929460437481
P,P14,right_hand_horizontal,96,min,0.0710142582162255
P,P14,right_hand_horizontal,110,max,0.1968651711663976
P,P14,right_hand_horizontal,135,min,0.1454211870141271
P,P14,right_hand_horizontal,167,min,-0.0180115587791786
P,P14,right_hand_horizontal,183,max,0.140107503838487
P,P14,right_hand_horizontal,191,max,0.196650388278846
P,P14,right_hand_horizontal,229,max,0.2518051435160783
P,P14,right_hand_horizontal,253,min,0.1793107217015819
P,P14,right_hand_horizontal,459,max,0.2456246214691649
P,P14,right_hand_horizontal,474,min,0.1034202947153095
P,P14,right_hand_horizontal,499,max,0.2657812818170114
P,P14,right_hand_horizontal,594,min,0.2085493408570075
P,P14,right_hand_horizontal,683,min,0.1436027928946819
P,P14,right_hand_horizontal,780,min,0.0658102687658514
P,P14,right_hand_horizontal,792,max,0.141781733436057
P,P14,right_hand_horizontal,802,min,0.0774713478416308
P,P14,right_hand_horizontal,808,max,0.1752227482583343
P,P14,right_hand_horizontal,888,max,0.227546494823348
P,P14,right_hand_horizontal,913,min,0.1072053847298609
P,P14,head_horizontal,2,max,-0.0196563559168646
P,P14,head_horizontal,61,max,0.0727376154242785
P,P14,head_horizontal,147,min,0.0145304289728591
P,P14,head_horizontal,510,max,0.0690963720738662
P,P14,head_horizontal,535,min,-0.0614846314167771
P,P14,head_horizontal,604,max,-0.0008016824096203
P,P14,head_vertical,2,max,1.025182285132075
P,P14,head_vertical,135,max,1.14639241936883
P,P14,head_vertical,161,min,0.9666129528278222
P,P14,head_vertical,183,max,1.0281439883756425
P,P14,head_vertical,229,max,1.1174402550994167
P,P14,head_vertical,398,min,1.0605145139324197
P,P14,head_vertical,506,max,1.1843151774158336
P,P14,head_vertical,535,min,1.1262197179585445
P,P14,head_vertical,582,min,1.068760990060496
P,P14,head_vertical,739,min,1.015884682268542
P,P14,head_vertical,774,min,0.9123534389824896
P,P14,head_vertical,802,max,1.0663795900620126
P,P15,left_hand_vertical,25,min,-1.9432045323894933
P,P15,left_hand_vertical,165,max,0.1209328426122023
P,P15,left_hand_vertical,197,min,-1.7402624793299553
P,P15,left_hand_vertical,222,min,-1.985587647751302
P,P15,left_hand_vertical,233,max,-1.9341215757305816
P,P15,left_hand_vertical,269,max,-1.8781654736394204
P,P15,left_hand_vertical,422,min,-1.934507110883938
P,P15,left_hand_vertical,631,max,0.0644349580994179
P,P15,left_hand_vertical,662,min,-1.7214080273918682
P,P15,left_hand_vertical,673,min,-1.944032809392555
P,P15,right_hand_vertical,2,min,-2.0047127175771777
P,P15,right_hand_vertical,169,max,-1.9340618563443064
P,P15,left_hand_horizontal,1,max,0.0204472931919892
P,P15,left_hand_horizontal,177,min,-0.3868305886500041
P,P15,left_hand_horizontal,204,max,0.0736769016260975
P,P15,left_hand_horizontal,231,max,0.2324249039863826
P,P15,left_hand_horizontal,266,min,0.0435136665662307
P,P15,left_hand_horizontal,637,min,-0.4558561508515841
P,P15,left_hand_horizontal,664,max,0.0702922527844184
P,P15,right_hand_horizontal,6,min,-0.2374501740199663
P,P15,right_hand_horizontal,163,min,-0.3244767445178174
P,P15,right_hand_horizontal,233,max,-0.036938692670983
P,P15,right_hand_horizontal,282,min,-0.2397491879235065
P,P15,right_hand_horizontal,440,max,-0.1885676969205387
P,P15,right_hand_horizontal,635,min,-0.2653963240962409
P,P15,right_hand_horizontal,667,max,-0.1834056865621721
P,P15,right_hand_horizontal,922,min,-0.2436603343389694
P,P15,head_horizontal,4,min,-0.0835678672267469
P,P15,head_horizontal,153,max,0.0562499627400597
P,P15,head_horizontal,195,min,-0.1421722765463369
P,P15,head_horizontal,206,max,-0.0550704679276398
P,P15,head_horizontal,222,min,-0.1487889787495915
P,P15,head_horizontal,264,max,0.0070050691760504
P,P15,head_horizontal,290,min,-0.0526225066918905
P,P15,head_horizontal,303,min,-0.1039027512928892
P,P15,head_horizontal,633,max,0.0453689011457746
P,P15,head_horizontal,664,min,-0.1437782409399365
P,P15,head_horizontal,684,max,-0.0871456749731323
P,P15,head_horizontal,756,max,-0.0242713845937921
P,P15,head_horizontal,829,min,-0.110927357444574
P,P15,head_horizontal,887,max,-0.031358234349168
P,P15,head_horizontal,920,max,0.0416457474983977
P,P15,head_vertical,9,min,1.09091734283995
P,P15,head_vertical,160,min,0.8348797803586184
P,P15,head_vertical,197,max,1.0779061353941164
P,P15,head_vertical,221,max,1.1503508825003694
P,P15,head_vertical,234,min,1.0462682217898591
P,P15,head_vertical,247,max,1.098177669975706
P,P15,head_vertical,556,min,1.0266514897128238
P,P15,head_vertical,646,min,0.768579844825342
P,P15,head_vertical,661,max,0.906399798721936
P,P15,head_vertical,688,max,0.9847667747245444
P,P15,head_vertical,748,min,0.9229696474867168
P,P15,head_vertical,850,min,0.8718348525341413
P,P15,head_vertical,921,min,0.7992438649327888
P,P16,left_hand_vertical,21,max,-0.9277638779433808
P,P16,left_hand_vertical,28,min,-1.0653188131677522
P,P16,left_hand_vertical,89,max,-0.9885170471999464
P,P16,left_hand_vertical,127,min,-1.041988043293772
P,P16,left_hand_vertical,148,max,-0.9068030391762206
P,P16,left_hand_vertical,190,min,-0.9622816948416418
P,P16,left_hand_vertical,203,max,-0.8842822731437661
P,P16,left_hand_vertical,232,min,-1.09420424562781
P,P16,left_hand_vertical,248,max,-0.9477131663795983
P,P16,left_hand_vertical,296,min,-1.0533116212493705
P,P16,left_hand_vertical,307,min,-1.1445597627361068
P,P16,left_hand_vertical,352,max,-0.8253607810607815
P,P16,left_hand_vertical,373,min,-1.10511021658573
P,P16,left_hand_vertical,487,min,-1.2216047756785806
P,P16,left_hand_vertical,518,max,-0.9875462132273228
P,P16,left_hand_vertical,564,min,-1.0894874557593328
P,P16,left_hand_vertical,588,max,-1.031379129746918
P,P16,left_hand_vertical,613,min,-1.2698714477391848
P,P16,left_hand_vertical,637,max,-1.0158232244381846
P,P16,left_hand_vertical,657,min,-1.1416439032465933
P,P16,left_hand_vertical,666,max,-1.078711287695565
P,P16,left_hand_vertical,700,max,-0.8832202676916278
P,P16,left_hand_vertical,710,min,-1.0871375591947712
P,P16,left_hand_vertical,759,max,-1.0159024974265167
P,P16,left_hand_vertical,787,max,-0.9289230576303092
P,P16,left_hand_vertical,909,max,-0.8310270706544733
P,P16,right_hand_vertical,10,min,-1.1079941343384163
P,P16,right_hand_vertical,30,max,-1.042551068343541
P,P16,right_hand_vertical,38,min,-1.1430056870451086
P,P16,right_hand_vertical,56,max,-1.08528871024714
P,P16,right_hand_vertical,141,max,-1.0134784773750474
P,P16,right_hand_vertical,211,min,-1.1360746515346951
P,P16,right_hand_vertical,223,max,-0.9764602034503564
P,P16,right_hand_vertical,297,min,-1.0954911410087838
P,P16,right_hand_vertical,317,min,-1.171357724315898
P,P16,right_hand_vertical,355,max,-1.001911746892602
P,P16,right_hand_vertical,367,min,-1.064589837496733
P,P16,right_hand_vertical,484,min,-1.1173675192242445
P,P16,right_hand_vertical,517,max,-0.9538695679510474
P,P16,right_hand_vertical,565,min,-1.036539089415082
P,P16,right_hand_vertical,619,min,-1.121729378699625
P,P16,right_hand_vertical,634,max,-1.0364192896087692
P,P16,right_hand_vertical,657,min,-1.1614582418660149
P,P16,right_hand_vertical,664,max,-1.0393237547586005
P,P16,right_hand_vertical,693,max,-0.9587229232420272
P,P16,right_hand_vertical,700,min,-1.1602746237251826
P,P16,right_hand_vertical,712,max,-0.935505839531538
P,P16,right_hand_vertical,722,min,-1.0620010030989784
P,P16,right_hand_vertical,746,max,-0.9761491858134528
P,P16,right_hand_vertical,763,min,-1.0301557052347845
P,P16,right_hand_vertical,788,max,-0.9727764422495636
P,P16,right_hand_vertical,854,min,-1.037499153435149
P,P16,right_hand_vertical,901,max,-0.9335914373501708
P,P16,right_hand_vertical,915,min,-1.0826906312452322
P,P16,left_hand_horizontal,19,max,0.043685532147715
P,P16,left_hand_horizontal,43,min,-0.4194177783547024
P,P16,left_hand_horizontal,51,max,-0.3357709018279716
P,P16,left_hand_horizontal,83,min,-0.4110219448412004
P,P16,left_hand_horizontal,100,max,-0.3244298603738273
P,P16,left_hand_horizontal,123,min,-0.4340999446281129
P,P16,left_hand_horizontal,135,max,-0.3525579579962351
P,P16,left_hand_horizontal,146,max,-0.2841578439144375
P,P16,left_hand_horizontal,185,max,-0.2141900133621784
P,P16,left_hand_horizontal,201,min,-0.26892719884486
P,P16,left_hand_horizontal,212,max,-0.0067903495197272
P,P16,left_hand_horizontal,223,min,-0.278768633278014
P,P16,left_hand_horizontal,269,max,-0.2139447468803822
P,P16,left_hand_horizontal,294,max,0.0143058893836976
P,P16,left_hand_horizontal,315,max,0.1450713853977037
P,P16,left_hand_horizontal,339,min,-0.2601919179337177
P,P16,left_hand_horizontal,346,max,-0.1947636892722485
P,P16,left_hand_horizontal,361,min,-0.3515636371395485
P,P16,left_hand_horizontal,386,max,-0.298102999360518
P,P16,left_hand_horizontal,412,min,-0.3663917140120394
P,P16,left_hand_horizontal,424,max,-0.2834237954606976
P,P16,left_hand_horizontal,440,min,-0.3454091593380236
P,P16,left_hand_horizontal,487,max,-0.2915686234173841
P,P16,left_hand_horizontal,591,max,0.1250478351874987
P,P16,left_hand_horizontal,602,min,-0.1816756777671305
P,P16,left_hand_horizontal,616,max,-0.1165664661182958
P,P16,left_hand_horizontal,648,min,-0.5527271261388924
P,P16,left_hand_horizontal,679,max,-0.2679548298534046
P,P16,left_hand_horizontal,689,min,-0.3217319161801392
P,P16,left_hand_horizontal,703,max,0.0018564444219413
P,P16,left_hand_horizontal,721,min,-0.3329059906513453
P,P16,left_hand_horizontal,750,max,-0.2610938153131756
P,P16,left_hand_horizontal,795,max,-0.0385598986208838
P,P16,left_hand_horizontal,808,min,-0.2034954527273919
P,P16,left_hand_horizontal,820,max,-0.1109278539262552
P,P16,left_hand_horizontal,840,min,-0.2036641204157763
P,P16,left_hand_horizontal,905,min,-0.3854627872954533
P,P16,right_hand_horizontal,2,max,0.3755777031416469
P,P16,right_hand_horizontal,20,min,0.1898284013036542
P,P16,right_hand_horizontal,27,max,0.3274097213161767
P,P16,right_hand_horizontal,39,min,0.1849552213186401
P,P16,right_hand_horizontal,56,max,0.3164570409150907
P,P16,right_hand_horizontal,82,min,0.1600142450599054
P,P16,right_hand_horizontal,148,max,0.2255808549273894
P,P16,right_hand_horizontal,184,max,0.314660023190167
P,P16,right_hand_horizontal,210,min,-0.0760693518159291
P,P16,right_hand_horizontal,227,max,0.348814363618222
P,P16,right_hand_horizontal,250,min,0.2663541191815149
P,P16,right_hand_horizontal,290,min,0.0979327055803667
P,P16,right_hand_horizontal,314,max,0.5727363886181931
P,P16,right_hand_horizontal,344,min,0.0750238905272402
P,P16,right_hand_horizontal,379,max,0.3165686911317295
P,P16,right_hand_horizontal,409,min,0.1652921252484165
P,P16,right_hand_horizontal,428,max,0.2515546358222921
P,P16,right_hand_horizontal,449,min,0.1820490406353777
P,P16,right_hand_horizontal,486,max,0.2401335574162236
P,P16,right_hand_horizontal,516,min,0.1751900194921311
P,P16,right_hand_horizontal,585,max,0.3370547842267976
P,P16,right_hand_horizontal,595,min,0.2462447581308391
P,P16,right_hand_horizontal,614,max,0.4883080372937041
P,P16,right_hand_horizontal,647,min,0.0121589363626453
P,P16,right_hand_horizontal,677,max,0.4376989042584776
P,P16,right_hand_horizontal,697,min,-0.1467639315849717
P,P16,right_hand_horizontal,715,max,0.3312399575465346
P,P16,right_hand_horizontal,728,min,0.2411634673717766
P,P16,right_hand_horizontal,754,max,0.3084785616788233
P,P16,right_hand_horizontal,796,min,0.1600885622776637
P,P16,right_hand_horizontal,912,min,0.0095304870680074
P,P16,head_horizontal,21,max,-0.0121675220884965
P,P16,head_horizontal,65,max,0.1079197995038956
P,P16,head_horizontal,124,min,-0.0425796551998613
P,P16,head_horizontal,227,max,0.0421250559246148
P,P16,head_horizontal,295,max,0.1451453264359193
P,P16,head_horizontal,310,max,0.2650813090972115
P,P16,head_horizontal,368,min,-0.0627954537856378
P,P16,head_horizontal,480,max,0.0825452207194825
P,P16,head_horizontal,553,min,-0.0553264035238335
P,P16,head_horizontal,596,max,0.0891129654318526
P,P16,head_horizontal,638,min,-0.0150428118878084
P,P16,head_horizontal,757,max,0.2357644841259873
P,P16,head_horizontal,787,min,0.1473625183340719
P,P16,head_horizontal,839,min,-0.0640282286319095
P,P16,head_horizontal,908,max,0.0175215343112288
P,P16,head_vertical,10,max,1.1461004838922342
P,P16,head_vertical,34,min,1.076180279217108
P,P16,head_vertical,84,min,1.01225023135008
P,P16,head_vertical,109,max,1.0767407417653716
P,P16,head_vertical,143,min,0.9758382270049688
P,P16,head_vertical,164,max,1.049311140084274
P,P16,head_vertical,181,min,0.9964928162995478
P,P16,head_vertical,205,max,1.0672387382901285
P,P16,head_vertical,335,max,1.1216294880423916
P,P16,head_vertical,364,min,1.0240856516959262
P,P16,head_vertical,406,max,1.116379551514576
P,P16,head_vertical,444,min,1.032195320404148
P,P16,head_vertical,469,max,1.099191377713009
P,P16,head_vertical,488,min,1.041004522690309
P,P16,head_vertical,515,min,0.9568272513849057
P,P16,head_vertical,539,max,1.028879019082882
P,P16,head_vertical,574,max,1.1171568298313157
P,P16,head_vertical,589,min,1.063154280925401
P,P16,head_vertical,623,min,0.9575703365286594
P,P16,head_vertical,636,max,1.1084363208170325
P,P16,head_vertical,701,min,0.9435233471533964
P,P16,head_vertical,734,max,1.11205683711459
P,P16,head_vertical,792,min,1.0371843424127818
P,P16,head_vertical,878,max,1.0952469584204747
P,P17,left_hand_vertical,6,max,-3.000071834017282
P,P17,left_hand_vertical,825,max,-2.9472887709252458
P,P17,right_hand_vertical,1,min,-2.970011373199717
P,P17,left_hand_horizontal,34,min,0.0827633779281535
P,P17,right_hand_horizontal,19,min,-0.2705428608146397
P,P17,head_horizontal,8,max,0.0003871645597434
P,P17,head_horizontal,208,min,-0.0550070912999319
P,P17,head_horizontal,274,max,0.0005632710398435
P,P17,head_vertical,16,min,1.2473173452049302
P,P18,left_hand_vertical,3,max,-0.9757377551750908
P,P18,left_hand_vertical,128,max,-0.9057247946656388
P,P18,left_hand_vertical,170,min,-0.994184132230993
P,P18,left_hand_vertical,329,min,-1.234003362596176
P,P18,left_hand_vertical,345,max,-1.0585372781393834
P,P18,left_hand_vertical,353,max,-1.002915497663074
P,P18,left_hand_vertical,368,min,-1.516632179058566
P,P18,left_hand_vertical,375,min,-1.579011991872763
P,P18,left_hand_vertical,388,max,-1.2099106204614667
P,P18,left_hand_vertical,496,max,-1.0736374731044112
P,P18,left_hand_vertical,544,min,-1.3584313583658114
P,P18,left_hand_vertical,565,max,-1.2363414156009584
P,P18,left_hand_vertical,576,min,-1.2985570389019705
P,P18,left_hand_vertical,584,max,-1.227878573621238
P,P18,left_hand_vertical,613,max,-1.0945325267436044
P,P18,left_hand_vertical,643,min,-1.2191223938373792
P,P18,left_hand_vertical,663,min,-1.5388533277465268
P,P18,left_hand_vertical,726,max,-1.1502139084976386
P,P18,left_hand_vertical,746,min,-1.25563522662286
P,P18,left_hand_vertical,758,max,-1.1185605078686829
P,P18,left_hand_vertical,780,min,-1.30782232990291
P,P18,left_hand_vertical,786,max,-1.218011471351106
P,P18,left_hand_vertical,859,max,-1.161887995849753
P,P18,left_hand_vertical,885,min,-1.2161767552262426
P,P18,right_hand_vertical,5,max,-1.298187116988593
P,P18,right_hand_vertical,152,min,-1.3831313593462238
P,P18,right_hand_vertical,174,max,-1.295325384072462
P,P18,right_hand_vertical,331,min,-1.5239135172440137
P,P18,right_hand_vertical,352,max,-1.3544958607492632
P,P18,right_hand_vertical,357,min,-1.430923064819592
P,P18,right_hand_vertical,379,max,-1.1286313786202444
P,P18,right_hand_vertical,390,min,-1.2958331620792325
P,P18,right_hand_vertical,398,min,-1.3572257316506746
P,P18,right_hand_vertical,518,min,-1.499608528295962
P,P18,right_hand_vertical,552,max,-1.2444636414684107
P,P18,right_hand_vertical,600,min,-1.3644417824533197
P,P18,right_hand_vertical,652,min,-1.51666721372635
P,P18,right_hand_vertical,674,max,-1.2901539716397918
P,P18,right_hand_vertical,697,min,-1.4131464181113502
P,P18,right_hand_vertical,725,max,-1.2991322268938672
P,P18,right_hand_vertical,751,min,-1.3503620502793912
P,P18,right_hand_vertical,778,max,-1.1558557807852377
P,P18,right_hand_vertical,793,min,-1.3803840309045414
P,P18,right_hand_vertical,813,max,-1.268892300266452
P,P18,right_hand_vertical,859,min,-1.3359734742669378
P,P18,left_hand_horizontal,6,min,-0.712661096974545
P,P18,left_hand_horizontal,317,max,-0.6278404432799686
P,P18,left_hand_horizontal,346,min,-0.8292623873346884
P,P18,left_hand_horizontal,368,max,-0.5649265029360157
P,P18,left_hand_horizontal,380,min,-0.6985038809253862
P,P18,left_hand_horizontal,403,min,-0.7767772803498859
P,P18,left_hand_horizontal,435,max,-0.7162456935697827
P,P18,left_hand_horizontal,518,min,-0.833224303248285
P,P18,left_hand_horizontal,553,max,-0.6578333059746054
P,P18,left_hand_horizontal,595,min,-0.7656603621859746
P,P18,left_hand_horizontal,635,max,-0.7020011391613225
P,P18,left_hand_horizontal,670,min,-0.8239667055485229
P,P18,left_hand_horizontal,749,max,-0.7243372052775705
P,P18,left_hand_horizontal,769,max,-0.6627321654609613
P,P18,left_hand_horizontal,791,min,-0.7590830056776239
P,P18,left_hand_horizontal,807,max,-0.7046000632462389
P,P18,right_hand_horizontal,13,max,0.6566157843664575
P,P18,right_hand_horizontal,350,min,0.5484935411674419
P,P18,right_hand_horizontal,368,max,0.8508159448812889
P,P18,right_hand_horizontal,381,min,0.7275949191015978
P,P18,right_hand_horizontal,405,min,0.6600888401720052
P,P18,right_hand_horizontal,430,max,0.7150492349400583
P,P18,right_hand_horizontal,517,min,0.5705811172422515
P,P18,right_hand_horizontal,553,max,0.7957997780409735
P,P18,right_hand_horizontal,612,min,0.6369326262818301
P,P18,right_hand_horizontal,635,max,0.7150418093544886
P,P18,head_horizontal,1,min,-0.0292919735018589
P,P18,head_horizontal,178,max,0.0430136065265317
P,P18,head_horizontal,282,min,-0.0167260221280903
P,P18,head_horizontal,316,max,0.0452128020205116
P,P18,head_horizontal,347,min,-0.1229972675306542
P,P18,head_horizontal,363,max,0.0910108260005194
P,P18,head_horizontal,380,min,-0.0598144444318108
P,P18,head_horizontal,397,max,0.0635501654817526
P,P18,head_horizontal,416,min,-0.0028108323956921
P,P18,head_horizontal,501,min,-0.1012335733601599
P,P18,head_horizontal,556,max,0.2336125945557548
P,P18,head_horizontal,596,min,0.0200187463098875
P,P18,head_horizontal,611,min,-0.049357394585558
P,P18,head_horizontal,634,max,0.0077115316720197
P,P18,head_horizontal,657,min,-0.082641881748002
P,P18,head_horizontal,753,min,-0.1401527497790036
P,P18,head_horizontal,766,max,-0.0107332105740964
P,P18,head_horizontal,786,min,-0.0820108522388162
P,P18,head_horizontal,801,max,0.0167868536227782
P,P18,head_vertical,16,min,1.035810924265462
P,P18,head_vertical,83,min,0.9558254801680304
P,P18,head_vertical,140,min,0.8626972682693844
P,P18,head_vertical,164,max,0.9317922799305112
P,P18,head_vertical,251,min,0.8322421704214076
P,P18,head_vertical,324,max,0.9494028444944872
P,P18,head_vertical,370,max,1.181295161283627
P,P18,head_vertical,391,min,1.046964709015794
P,P18,head_vertical,505,min,0.908958544587851
P,P18,head_vertical,521,max,1.0054152834374248
P,P18,head_vertical,568,min,0.93062712490447
P,P18,head_vertical,598,max,1.0012378463942693
P,P18,head_vertical,626,min,0.9492035922881517
P,P18,head_vertical,669,min,0.3356126719231196
P,P18,head_vertical,747,max,0.9373379181857732
P,P18,head_vertical,782,max,1.0048912355009827
P,P19,left_hand_vertical,2,max,-2.6421595204771493
P,P19,left_hand_vertical,801,max,-2.5777830353722577
P,P19,left_hand_vertical,829,min,-2.636432427069703
P,P19,right_hand_vertical,8,min,-2.673571911356394
P,P19,left_hand_horizontal,16,min,0.0773986905321763
P,P19,right_hand_horizontal,13,max,-0.1750266047055576
P,P19,head_horizontal,16,min,0.0666913191863171
P,P19,head_horizontal,107,min,-0.0200227306757979
P,P19,head_horizontal,221,max,0.0528232604818954
P,P19,head_horizontal,279,min,-0.0515404102002911
P,P19,head_horizontal,475,max,0.0051413443527143
P,P19,head_horizontal,779,max,0.0699192584539406
P,P19,head_horizontal,825,min,0.007880114663472
P,P19,head_vertical,8,max,1.0770155590356747
P,P19,head_vertical,451,max,1.1283627152269882
P,P19,head_vertical,666,min,1.0485965162266293
P,P19,head_vertical,736,max,1.1431659130365075
P,P2,left_hand_vertical,1,min,-2.902009467011571
P,P2,left_hand_vertical,17,max,-1.9610674005945787
P,P2,left_hand_vertical,33,min,-2.2065070613544364
P,P2,left_hand_vertical,60,min,-2.744778213159173
P,P2,left_hand_vertical,76,max,-2.346845296373595
P,P2,left_hand_vertical,85,min,-2.534096634465223
P,P2,left_hand_vertical,94,max,-2.2672322133081253
P,P2,left_hand_vertical,120,min,-2.4755953069642054
P,P2,left_hand_vertical,144,max,-2.214182654218685
P,P2,left_hand_vertical,172,max,-2.0200144853095505
P,P2,left_hand_vertical,184,min,-2.152655838711678
P,P2,left_hand_vertical,195,max,-1.4937811816476212
P,P2,left_hand_vertical,217,min,-1.602180223147675
P,P2,left_hand_vertical,228,max,-1.5307998022132436
P,P2,left_hand_vertical,239,min,-1.7945143964190151
P,P2,left_hand_vertical,265,max,-1.4590808988466848
P,P2,left_hand_vertical,284,min,-1.573320355085336
P,P2,left_hand_vertical,307,max,-1.300651493561234
P,P2,left_hand_vertical,342,min,-1.5687612319611728
P,P2,left_hand_vertical,398,min,-1.6299370335771646
P,P2,left_hand_vertical,414,min,-1.7767793052484953
P,P2,left_hand_vertical,427,max,-1.7247972477423452
P,P2,left_hand_vertical,470,min,-1.8274302057631011
P,P2,left_hand_vertical,553,max,-1.4045985255458169
P,P2,left_hand_vertical,566,max,-1.3017072960273584
P,P2,left_hand_vertical,581,min,-1.4626463479394702
P,P2,left_hand_vertical,602,max,-1.3232000628797145
P,P2,left_hand_vertical,611,min,-1.6228281548841357
P,P2,left_hand_vertical,635,max,-1.4968472303439
P,P2,left_hand_vertical,669,min,-1.6230668082696078
P,P2,left_hand_vertical,681,max,-1.568433669587597
P,P2,left_hand_vertical,693,min,-1.621601879236921
P,P2,left_hand_vertical,716,max,-0.0545142395779412
P,P2,left_hand_vertical,749,min,-1.80129039468716
P,P2,left_hand_vertical,778,min,-1.877763920541181
P,P2,left_hand_vertical,809,max,-1.776798825730188
P,P2,left_hand_vertical,887,min,-2.1895058778120133
P,P2,left_hand_vertical,897,min,-2.365554178040431
P,P2,right_hand_vertical,1,min,-2.8407361563152995
P,P2,right_hand_vertical,17,max,-1.905878340052824
P,P2,right_hand_vertical,34,min,-2.068394434282786
P,P2,right_hand_vertical,57,max,-1.9895712684598577
P,P2,right_hand_vertical,65,min,-2.0464779220971496
P,P2,right_hand_vertical,86,max,-1.4335174984747434
P,P2,right_hand_vertical,106,min,-1.807175351456345
P,P2,right_hand_vertical,126,max,-1.6732565633425092
P,P2,right_hand_vertical,148,max,-1.594625006752673
P,P2,right_hand_vertical,163,max,-1.5197570548314896
P,P2,right_hand_vertical,172,min,-1.9244222502678152
P,P2,right_hand_vertical,189,max,-1.63229405057581
P,P2,right_hand_vertical,207,min,-2.112075401902184
P,P2,right_hand_vertical,230,max,-1.5121521289372917
P,P2,right_hand_vertical,240,min,-1.85682670124301
P,P2,right_hand_vertical,265,max,-1.0638479950013549
P,P2,right_hand_vertical,297,min,-1.6121354752045414
P,P2,right_hand_vertical,322,max,-1.4752433993209948
P,P2,right_hand_vertical,336,min,-1.5497449123878562
P,P2,right_hand_vertical,372,min,-1.6646429802731846
P,P2,right_hand_vertical,397,max,-0.4975123714688825
P,P2,right_hand_vertical,410,min,-2.1275167618443827
P,P2,right_hand_vertical,415,max,-2.060952530208348
P,P2,right_hand_vertical,422,min,-2.1758936399234683
P,P2,right_hand_vertical,434,max,-1.9097704311445096
P,P2,right_hand_vertical,452,max,-1.7634058587519816
P,P2,right_hand_vertical,469,min,-1.82641719592068
P,P2,right_hand_vertical,493,min,-1.9073213899161805
P,P2,right_hand_vertical,506,max,0.8650616841487293
P,P2,right_hand_vertical,511,min,0.6513317378146414
P,P2,right_hand_vertical,533,min,0.598325131860128
P,P2,right_hand_vertical,571,min,-1.476285616911263
P,P2,right_hand_vertical,579,max,-0.755657989318516
P,P2,right_hand_vertical,590,min,-1.8421899019990144
P,P2,right_hand_vertical,600,max,-1.6404597494092248
P,P2,right_hand_vertical,611,max,-1.3094428648211742
P,P2,right_hand_vertical,650,min,-1.5470803896379153
P,P2,right_hand_vertical,669,max,-0.7451133771076736
P,P2,right_hand_vertical,678,min,-1.6537925637300404
P,P2,right_hand_vertical,694,max,-1.467212345577405
P,P2,right_hand_vertical,703,min,-1.6762584274055958
P,P2,right_hand_vertical,712,max,-1.5418262552234645
P,P2,right_hand_vertical,729,max,-0.9747657414842628
P,P2,right_hand_vertical,742,min,-1.141720092083649
P,P2,right_hand_vertical,750,max,-0.8260798765966946
P,P2,right_hand_vertical,769,min,-1.721297556292762
P,P2,right_hand_vertical,776,max,-1.6604999704217365
P,P2,right_hand_vertical,788,min,-1.743941539440866
P,P2,right_hand_vertical,801,max,-1.539953054139649
P,P2,right_hand_vertical,865,max,-1.4705576781800995
P,P2,right_hand_vertical,878,max,-0.9743965044394006
P,P2,left_hand_horizontal,1,max,-0.1160931427978857
P,P2,left_hand_horizontal,21,min,-0.4139221098145985
P,P2,left_hand_horizontal,61,max,-0.0750328528806099
P,P2,left_hand_horizontal,77,min,-0.2365691064992358
P,P2,left_hand_horizontal,87,max,0.0841202028691876
P,P2,left_hand_horizontal,111,min,-0.3094220951459336
P,P2,left_hand_horizontal,123,max,-0.2482931906077057
P,P2,left_hand_horizontal,132,min,-0.3033793260563707
P,P2,left_hand_horizontal,151,max,-0.2462170808300353
P,P2,left_hand_horizontal,162,min,-0.356586414503102
P,P2,left_hand_horizontal,176,max,-0.1486795149311015
P,P2,left_hand_horizontal,194,max,-0.029419257295505
P,P2,left_hand_horizontal,205,min,-0.0867094547899848
P,P2,left_hand_horizontal,220,min,-0.2573891837120927
P,P2,left_hand_horizontal,232,min,-0.310512696445773
P,P2,left_hand_horizontal,241,max,-0.254164365585204
P,P2,left_hand_horizontal,269,max,-0.1366955641412007
P,P2,left_hand_horizontal,290,min,-0.3649942466715502
P,P2,left_hand_horizontal,306,max,-0.2494268300968729
P,P2,left_hand_horizontal,330,min,-0.3666664413677479
P,P2,left_hand_horizontal,362,max,-0.2880399916824953
P,P2,left_hand_horizontal,375,min,-0.3397031143761851
P,P2,left_hand_horizontal,388,max,-0.1847118916458123
P,P2,left_hand_horizontal,408,min,-0.4059781358930439
P,P2,left_hand_horizontal,421,max,-0.2491724174876046
P,P2,left_hand_horizontal,429,min,-0.3389589598438306
P,P2,left_hand_horizontal,447,max,-0.127543277598805
P,P2,left_hand_horizontal,469,min,-0.3155100019778447
P,P2,left_hand_horizontal,506,max,-0.2094901386160082
P,P2,left_hand_horizontal,551,max,-0.0464834909711574
P,P2,left_hand_horizontal,561,min,-0.2722419936683168
P,P2,left_hand_horizontal,568,max,-0.2014029238148045
P,P2,left_hand_horizontal,590,min,-0.3219946766738472
P,P2,left_hand_horizontal,608,max,0.0446169843637766
P,P2,left_hand_horizontal,630,min,-0.3265189897119636
P,P2,left_hand_horizontal,674,max,-0.1619027580012382
P,P2,left_hand_horizontal,691,max,-0.1090780172224723
P,P2,left_hand_horizontal,697,min,-0.2307628693993581
P,P2,left_hand_horizontal,729,min,-0.7124331469453965
P,P2,left_hand_horizontal,749,max,-0.3742340538626822
P,P2,left_hand_horizontal,774,max,-0.2758153706918469
P,P2,left_hand_horizontal,784,min,-0.3790346606651048
P,P2,left_hand_horizontal,802,max,-0.1774168940640833
P,P2,left_hand_horizontal,827,min,-0.2310294874807941
P,P2,left_hand_horizontal,884,max,0.4139058707118788
P,P2,right_hand_horizontal,1,min,-0.2357113464237292
P,P2,right_hand_horizontal,27,max,0.0711799553207135
P,P2,right_hand_horizontal,57,min,-0.1399519549585477
P,P2,right_hand_horizontal,73,max,0.0852619486716765
P,P2,right_hand_horizontal,84,max,0.2390210819389576
P,P2,right_hand_horizontal,95,min,0.1540964047497769
P,P2,right_hand_horizontal,132,min,-0.0050442151859746
P,P2,right_hand_horizontal,156,max,0.1822014934294707
P,P2,right_hand_horizontal,182,min,0.0139895395469055
P,P2,right_hand_horizontal,199,min,-0.1434389101236893
P,P2,right_hand_horizontal,221,max,0.2054400604618321
P,P2,right_hand_horizontal,270,min,-0.077735619663974
P,P2,right_hand_horizontal,277,max,0.0141113771647298
P,P2,right_hand_horizontal,289,max,0.1095000366463882
P,P2,right_hand_horizontal,310,min,-0.0454053334281906
P,P2,right_hand_horizontal,323,max,0.1570649000183365
P,P2,right_hand_horizontal,334,min,0.0979597170413416
P,P2,right_hand_horizontal,357,max,0.1664091341581041
P,P2,right_hand_horizontal,389,min,-0.665759434617181
P,P2,right_hand_horizontal,394,max,-0.5735364556316791
P,P2,right_hand_horizontal,399,min,-0.6321072447792719
P,P2,right_hand_horizontal,413,max,0.1505897269249864
P,P2,right_hand_horizontal,421,max,0.2228110056064197
P,P2,right_hand_horizontal,428,min,0.0205924292712994
P,P2,right_hand_horizontal,453,max,0.2609383251953087
P,P2,right_hand_horizontal,490,min,-0.0205529878572272
P,P2,right_hand_horizontal,501,min,-0.583317867412179
P,P2,right_hand_horizontal,516,max,-0.0425633110768887
P,P2,right_hand_horizontal,551,min,-0.4251015790035807
P,P2,right_hand_horizontal,558,max,-0.1705882136950319
P,P2,right_hand_horizontal,582,min,-0.4709043891928628
P,P2,right_hand_horizontal,592,max,0.1376633733605844
P,P2,right_hand_horizontal,600,min,-0.0087502188292984
P,P2,right_hand_horizontal,606,max,0.0969227364193908
P,P2,right_hand_horizontal,620,min,-0.0013011893802476
P,P2,right_hand_horizontal,627,max,0.1047387958012151
P,P2,right_hand_horizontal,675,min,-0.057308668530614
P,P2,right_hand_horizontal,700,max,0.1945851317330163
P,P2,right_hand_horizontal,711,min,-0.0120357399850618
P,P2,right_hand_horizontal,730,max,0.0955507886898514
P,P2,right_hand_horizontal,747,min,-0.0215859944198034
P,P2,right_hand_horizontal,763,max,0.1666294667591873
P,P2,right_hand_horizontal,777,min,0.0504652972475302
P,P2,right_hand_horizontal,799,max,0.178940078081238
P,P2,right_hand_horizontal,884,min,0.0816833545368865
P,P2,head_horizontal,26,min,-0.058056866622053
P,P2,head_horizontal,86,max,0.0063734827783723
P,P2,head_horizontal,121,min,-0.1045763581099345
P,P2,head_horizontal,137,max,0.0023834202678847
P,P2,head_horizontal,394,max,0.0568675002829562
P,P2,head_horizontal,416,max,0.1123914557482083
P,P2,head_horizontal,472,min,-0.0450368248064365
P,P2,head_horizontal,505,max,0.0220712340857515
P,P2,head_horizontal,677,max,0.1054052291433713
P,P2,head_horizontal,713,min,-0.0258479086705366
P,P2,head_horizontal,778,min,-0.1544979505531726
P,P2,head_horizontal,801,max,0.0130534499933109
P,P2,head_vertical,18,min,1.275618544399664
P,P2,head_vertical,148,max,1.335654833801333
P,P2,head_vertical,177,min,1.1422712697426964
P,P2,head_vertical,194,max,1.2434009271157382
P,P2,head_vertical,219,max,1.3410408333173764
P,P2,head_vertical,234,min,1.283118770807098
P,P2,head_vertical,272,min,1.091864822033071
P,P2,head_vertical,301,max,1.168501446487481
P,P2,head_vertical,332,max,1.2398879350771903
P,P2,head_vertical,367,max,1.2946536378292588
P,P2,head_vertical,394,max,1.3509545672427707
P,P2,head_vertical,407,min,1.2947450494686803
P,P2,head_vertical,428,min,1.2427890708998044
P,P2,head_vertical,450,max,1.3882882572788702
P,P2,head_vertical,472,min,1.2849487111370472
P,P2,head_vertical,539,min,1.1473832367170058
P,P2,head_vertical,563,max,1.2845656979266626
P,P2,head_vertical,592,min,1.2262906932394786
P,P2,head_vertical,625,max,1.2782746431233416
P,P2,head_vertical,672,min,1.211602329846992
P,P2,head_vertical,679,min,1.147527850050368
P,P2,head_vertical,701,max,1.2770857677500227
P,P2,head_vertical,719,min,1.1153474783207598
P,P2,head_vertical,744,max,1.2377631324817386
P,P2,head_vertical,765,max,1.3264699514004274
P,P2,head_vertical,849,min,1.2448317015107917
P,P20,left_hand_vertical,11,min,-1.560097978995011
P,P20,left_hand_vertical,41,min,-1.642207579501415
P,P20,left_hand_vertical,64,max,-1.5867092687091815
P,P20,left_hand_vertical,115,min,-1.6936913098761666
P,P20,left_hand_vertical,132,max,-1.611853007874899
P,P20,left_hand_vertical,376,max,-1.5426550578339424
P,P20,left_hand_vertical,439,min,-1.610658008229493
P,P20,left_hand_vertical,554,min,-1.6770686518940117
P,P20,left_hand_vertical,594,max,-1.6103367132522637
P,P20,left_hand_vertical,643,min,-1.6625442112544249
P,P20,left_hand_vertical,707,max,-1.5253522688777603
P,P20,left_hand_vertical,724,min,-1.625463231727284
P,P20,left_hand_vertical,789,min,-1.8680420968742928
P,P20,left_hand_vertical,798,max,-1.7491924378715085
P,P20,left_hand_vertical,829,max,-1.6943051193667382
P,P20,left_hand_vertical,886,min,-1.763687673044083
P,P20,right_hand_vertical,1,max,-1.6703377999188358
P,P20,right_hand_vertical,113,min,-1.8040520910264448
P,P20,right_hand_vertical,136,max,-1.6449132502075097
P,P20,right_hand_vertical,176,min,-1.770462534992332
P,P20,right_hand_vertical,249,max,-1.7190594573816789
P,P20,right_hand_vertical,361,max,-1.6548465226294429
P,P20,right_hand_vertical,589,min,-1.7077733727949795
P,P20,right_hand_vertical,724,min,-1.7702241368510607
P,P20,right_hand_vertical,747,max,-1.6765827339646464
P,P20,right_hand_vertical,774,min,-1.8094406052486691
P,P20,right_hand_vertical,838,max,-1.740224161803659
P,P20,right_hand_vertical,887,min,-1.794717375282156
P,P20,left_hand_horizontal,5,min,-0.5360478395187
P,P20,left_hand_horizontal,129,min,-0.587788351842425
P,P20,left_hand_horizontal,147,max,-0.4338860181028854
P,P20,left_hand_horizontal,172,min,-0.5094127046374868
P,P20,left_hand_horizontal,434,max,-0.4532359515779846
P,P20,left_hand_horizontal,569,max,-0.3844404035840846
P,P20,left_hand_horizontal,600,min,-0.4805413952926605
P,P20,left_hand_horizontal,713,min,-0.5590403229364402
P,P20,left_hand_horizontal,729,max,-0.5012278726805416
P,P20,left_hand_horizontal,759,max,-0.3838091636587201
P,P20,right_hand_horizontal,1,min,0.2412646456653278
P,P20,right_hand_horizontal,130,min,0.1780551416700829
P,P20,right_hand_horizontal,145,max,0.2944971879790387
P,P20,right_hand_horizontal,185,min,0.1998550354085495
P,P20,right_hand_horizontal,437,max,0.2820729881768005
P,P20,right_hand_horizontal,699,min,0.2110603830150054
P,P20,right_hand_horizontal,753,max,0.3445271813297353
P,P20,head_horizontal,6,max,-0.1037458283573141
P,P20,head_horizontal,38,max,-0.0184262067238933
P,P20,head_horizontal,146,min,-0.0885663979164658
P,P20,head_horizontal,389,max,-0.0190059991214425
P,P20,head_horizontal,743,min,-0.0705478568640739
P,P20,head_horizontal,768,min,-0.1474330047363257
P,P20,head_horizontal,796,max,0.0019872963729236
P,P20,head_horizontal,831,min,-0.0615180510960742
P,P20,head_horizontal,901,max,-0.0081500153873617
P,P20,head_vertical,1,max,0.7783186774229872
P,P20,head_vertical,51,max,0.8692139153658351
P,P20,head_vertical,106,max,0.9273680012783998
P,P20,head_vertical,125,min,0.817261490993907
P,P20,head_vertical,251,min,0.76558063288831
P,P20,head_vertical,386,max,0.8183095331196228
P,P20,head_vertical,513,min,0.7638180269215848
P,P20,head_vertical,556,max,0.8222522509773833
P,P20,head_vertical,653,max,0.8771267502850933
P,P20,head_vertical,705,min,0.7887070102864929
P,P20,head_vertical,754,min,0.7337911253191374
P,P20,head_vertical,809,max,0.9431748624791396
P,P20,head_vertical,837,min,0.8055573174302987
P,P3,left_hand_vertical,7,max,-1.201993390458118
P,P3,left_hand_vertical,43,min,-1.4136696697226194
P,P3,left_hand_vertical,52,max,-1.132316550968263
P,P3,left_hand_vertical,63,min,-1.441136537943582
P,P3,left_hand_vertical,75,max,-1.2485693646285532
P,P3,left_hand_vertical,92,max,-1.013376257084619
P,P3,left_hand_vertical,101,min,-1.3167486825395636
P,P3,left_hand_vertical,174,max,-1.0688578197327925
P,P3,left_hand_vertical,194,min,-1.2154909631103794
P,P3,left_hand_vertical,231,max,-1.1529449315940152
P,P3,left_hand_vertical,244,max,-1.1012724011136383
P,P3,left_hand_vertical,274,min,-1.299689413781264
P,P3,left_hand_vertical,292,min,-1.3650622092633573
P,P3,left_hand_vertical,302,max,-1.3083000043943245
P,P3,left_hand_vertical,312,max,-1.1333607049718175
P,P3,left_hand_vertical,320,max,-0.916532768751257
P,P3,left_hand_vertical,334,min,-1.344332393094967
P,P3,left_hand_vertical,367,max,-1.1651860301280017
P,P3,left_hand_vertical,408,max,-1.0999696847218725
P,P3,left_hand_vertical,424,min,-1.1929387774312012
P,P3,left_hand_vertical,508,max,-0.7867618479408482
P,P3,left_hand_vertical,531,min,-1.0026683583460283
P,P3,left_hand_vertical,563,min,-1.2430516821421085
P,P3,left_hand_vertical,581,max,-1.1847122572693332
P,P3,left_hand_vertical,639,max,-0.9397508270706064
P,P3,left_hand_vertical,646,min,-1.2438845461293215
P,P3,left_hand_vertical,699,max,-0.8207899640664363
P,P3,left_hand_vertical,712,min,-1.0541530691327032
P,P3,left_hand_vertical,732,min,-1.1923309054555749
P,P3,left_hand_vertical,824,min,-1.306015590038813
P,P3,left_hand_vertical,830,min,-1.3710987722210597
P,P3,left_hand_vertical,865,max,-1.1422998502138493
P,P3,left_hand_vertical,879,min,-1.5125511764883648
P,P3,left_hand_vertical,890,max,-1.23075085891221
P,P3,left_hand_vertical,908,min,-1.409545757104597
P,P3,right_hand_vertical,5,max,0.3457468825141335
P,P3,right_hand_vertical,17,max,0.4005671820718428
P,P3,right_hand_vertical,56,min,-2.532421410223531
P,P3,right_hand_vertical,70,max,-2.3110731643758173
P,P3,right_hand_vertical,80,min,-2.4114115279517554
P,P3,right_hand_vertical,92,max,-1.0325834682902597
P,P3,right_hand_vertical,104,min,-1.4034384656565582
P,P3,right_hand_vertical,138,min,-1.5229052933968348
P,P3,right_hand_vertical,152,max,-1.1943484494619134
P,P3,right_hand_vertical,164,min,-1.4990779311437772
P,P3,right_hand_vertical,200,max,-0.3665254018287958
P,P3,right_hand_vertical,213,min,-0.4703786034272429
P,P3,right_hand_vertical,221,max,0.0440327352413693
P,P3,right_hand_vertical,231,min,-1.1891864992159495
P,P3,right_hand_vertical,242,max,-1.1162767292401647
P,P3,right_hand_vertical,272,min,-1.4602363460788594
P,P3,right_hand_vertical,302,min,-1.6595065980264614
P,P3,right_hand_vertical,315,max,-0.8916183251197781
P,P3,right_hand_vertical,321,min,-0.9950917136716428
P,P3,right_hand_vertical,332,min,-1.437873404653458
P,P3,right_hand_vertical,369,max,-1.1540559768900458
P,P3,right_hand_vertical,423,min,-1.2956739074032468
P,P3,right_hand_vertical,508,max,-0.753973983289615
P,P3,right_hand_vertical,544,min,-1.114501392997687
P,P3,right_hand_vertical,556,max,-1.0408452473496843
P,P3,right_hand_vertical,569,min,-1.3481431933862444
P,P3,right_hand_vertical,575,max,-1.2856219153027109
P,P3,right_hand_vertical,630,max,-1.177100711169046
P,P3,right_hand_vertical,640,max,-1.0546217203969683
P,P3,right_hand_vertical,647,min,-1.1769313545314632
P,P3,right_hand_vertical,655,min,-1.2760843086448632
P,P3,right_hand_vertical,700,max,-0.743585117058254
P,P3,right_hand_vertical,728,min,-1.2639837426366969
P,P3,right_hand_vertical,812,min,-1.4957464062455132
P,P3,right_hand_vertical,820,max,-1.2161408084139944
P,P3,right_hand_vertical,850,min,-1.5582920971576724
P,P3,right_hand_vertical,866,max,-1.2993691727357424
P,P3,right_hand_vertical,879,min,-1.4944353028820765
P,P3,right_hand_vertical,890,max,-1.0262339974867012
P,P3,right_hand_vertical,905,min,-1.878377725365341
P,P3,left_hand_horizontal,36,min,-0.2005347239024247
P,P3,left_hand_horizontal,52,max,0.1923876370209119
P,P3,left_hand_horizontal,64,min,-0.0592077433608302
P,P3,left_hand_horizontal,76,max,0.0834094127683334
P,P3,left_hand_horizontal,81,min,0.0273934971628132
P,P3,left_hand_horizontal,94,max,0.1203031477800671
P,P3,left_hand_horizontal,108,min,-0.0572596553877628
P,P3,left_hand_horizontal,178,min,-0.2330753099004261
P,P3,left_hand_horizontal,198,max,-0.1124006484530516
P,P3,left_hand_horizontal,209,min,-0.2002317702218762
P,P3,left_hand_horizontal,224,max,-0.1114930290927661
P,P3,left_hand_horizontal,232,min,-0.2677424072095614
P,P3,left_hand_horizontal,294,max,0.0124668856832805
P,P3,left_hand_horizontal,305,min,-0.1402750858561939
P,P3,left_hand_horizontal,312,max,0.0158946518360727
P,P3,left_hand_horizontal,324,min,-0.1347681816729426
P,P3,left_hand_horizontal,350,min,-0.286438725423278
P,P3,left_hand_horizontal,380,max,-0.213531028664757
P,P3,left_hand_horizontal,435,min,-0.3013275940506896
P,P3,left_hand_horizontal,476,max,-0.1502467341297697
P,P3,left_hand_horizontal,508,max,0.0747357926220333
P,P3,left_hand_horizontal,518,min,-0.0192019831826157
P,P3,left_hand_horizontal,561,max,0.0691313093288169
P,P3,left_hand_horizontal,580,min,-0.0792351931162962
P,P3,left_hand_horizontal,601,max,-0.0239056130360987
P,P3,left_hand_horizontal,644,max,0.179830309824049
P,P3,left_hand_horizontal,651,min,-0.1224519697023857
P,P3,left_hand_horizontal,684,max,-0.0712578164970671
P,P3,left_hand_horizontal,695,max,0.0234336628529078
P,P3,left_hand_horizontal,701,min,-0.067009848784476
P,P3,left_hand_horizontal,721,max,0.2697858335844772
P,P3,left_hand_horizontal,736,min,0.1875934958166685
P,P3,left_hand_horizontal,843,min,-0.0959640322949305
P,P3,left_hand_horizontal,868,max,0.2288915669429609
P,P3,left_hand_horizontal,884,min,-0.0775337511189694
P,P3,right_hand_horizontal,11,max,-0.0574479020943832
P,P3,right_hand_horizontal,51,min,-0.3490232532047198
P,P3,right_hand_horizontal,64,max,-0.1893636605568875
P,P3,right_hand_horizontal,77,min,-0.2743896785384652
P,P3,right_hand_horizontal,89,max,0.0446195581138249
P,P3,right_hand_horizontal,99,min,-0.2663555544769386
P,P3,right_hand_horizontal,147,max,-0.0867843382179469
P,P3,right_hand_horizontal,158,min,-0.1749420079805408
P,P3,right_hand_horizontal,170,max,0.0110190739713929
P,P3,right_hand_horizontal,214,max,0.1987186631154043
P,P3,right_hand_horizontal,221,min,0.0314024844177657
P,P3,right_hand_horizontal,231,max,0.413600947082459
P,P3,right_hand_horizontal,269,min,0.3465235432563857
P,P3,right_hand_horizontal,285,max,0.4020825455702037
P,P3,right_hand_horizontal,310,min,0.1038992894015666
P,P3,right_hand_horizontal,319,min,0.0191734558788597
P,P3,right_hand_horizontal,338,max,0.1920570532667998
P,P3,right_hand_horizontal,357,max,0.2785762528608611
P,P3,right_hand_horizontal,400,min,0.2165736830229991
P,P3,right_hand_horizontal,422,min,-0.0065201244595868
P,P3,right_hand_horizontal,434,max,0.1427382147352981
P,P3,right_hand_horizontal,487,max,0.3313185613749941
P,P3,right_hand_horizontal,513,min,-0.039649378096872
P,P3,right_hand_horizontal,561,min,-0.0916400746299935
P,P3,right_hand_horizontal,580,max,0.1850478998828229
P,P3,right_hand_horizontal,613,min,0.1010025397053275
P,P3,right_hand_horizontal,642,min,0.0331633975073509
P,P3,right_hand_horizontal,651,max,0.1853763618887573
P,P3,right_hand_horizontal,701,max,0.3377916339232935
P,P3,right_hand_horizontal,722,min,-0.3277306135919102
P,P3,right_hand_horizontal,824,max,0.2659427019346539
P,P3,right_hand_horizontal,844,min,-0.074570077283101
P,P3,right_hand_horizontal,872,max,0.2025499946494151
P,P3,right_hand_horizontal,896,min,-0.1597478502699839
P,P3,right_hand_horizontal,912,max,-0.0089369169625644
P,P3,head_horizontal,16,min,-0.0109092825287057
P,P3,head_horizontal,61,max,0.2815875775505998
P,P3,head_horizontal,105,min,-0.1118106065601358
P,P3,head_horizontal,157,max,-0.0173603409779084
P,P3,head_horizontal,203,max,0.0959210563891393
P,P3,head_horizontal,223,min,-0.0446800927434567
P,P3,head_horizontal,299,max,0.3156685832062109
P,P3,head_horizontal,344,min,0.1223968714236325
P,P3,head_horizontal,383,min,0.0655296829281834
P,P3,head_horizontal,477,max,0.1720572028091916
P,P3,head_horizontal,522,min,-0.0437793600391847
P,P3,head_horizontal,583,max,0.0213344472254596
P,P3,head_horizontal,663,min,-0.0566788012267095
P,P3,head_horizontal,881,max,0.0230873003352463
P,P3,head_horizontal,904,min,-0.1903690694264377
P,P3,head_vertical,11,min,0.864239562861838
P,P3,head_vertical,48,max,1.1119167966986272
P,P3,head_vertical,74,min,1.0227265919451032
P,P3,head_vertical,83,max,1.0872363505237277
P,P3,head_vertical,122,min,0.5921570027160428
P,P3,head_vertical,133,max,0.7137384894217186
P,P3,head_vertical,169,max,1.1706219810694842
P,P3,head_vertical,218,min,0.7932310742657246
P,P3,head_vertical,244,max,1.0957149538999726
P,P3,head_vertical,289,min,0.9789274360250024
P,P3,head_vertical,311,min,0.9110297908378592
P,P3,head_vertical,332,max,0.9645216796925412
P,P3,head_vertical,374,min,0.8527633221430507
P,P3,head_vertical,436,max,1.0408508208595957
P,P3,head_vertical,468,max,1.1017850382594971
P,P3,head_vertical,480,min,0.97848106814726
P,P3,head_vertical,502,max,1.096528502432792
P,P3,head_vertical,511,min,1.000811255196121
P,P3,head_vertical,544,max,1.0742611757987517
P,P3,head_vertical,558,min,0.948256985948515
P,P3,head_vertical,598,max,1.1215718940521793
P,P3,head_vertical,649,min,0.774728227378568
P,P3,head_vertical,695,max,1.0368287327713803
P,P3,head_vertical,705,min,0.9625284465703065
P,P3,head_vertical,724,max,1.0873760578759353
P,P3,head_vertical,808,max,1.1639280919442974
P,P3,head_vertical,827,min,1.0738143757294845
P,P3,head_vertical,888,max,1.2069301107726191
P,P3,head_vertical,910,min,0.9104403023158066
P,P3,head_vertical,920,max,0.9749021000640418
P,P4,left_hand_vertical,1,max,-2.202364530461049
P,P4,left_hand_vertical,20,min,-2.68463343972243
P,P4,left_hand_vertical,45,max,-2.1295617791945407
P,P4,left_hand_vertical,57,min,-2.265086073714341
P,P4,left_hand_vertical,86,max,0.6735609557657208
P,P4,left_hand_vertical,123,min,-2.664528396762532
P,P4,left_hand_vertical,137,max,-2.42984541212956
P,P4,left_hand_vertical,157,min,-2.5706616874628225
P,P4,left_hand_vertical,212,max,-2.286322962282292
P,P4,left_hand_vertical,231,min,-2.567312953595979
P,P4,left_hand_vertical,286,max,-2.3857950510095085
P,P4,left_hand_vertical,356,min,-2.5331708972809195
P,P4,left_hand_vertical,369,max,-1.4997420540574409
P,P4,left_hand_vertical,377,min,-1.7844378851191889
P,P4,left_hand_vertical,401,max,-1.5458005200208351
P,P4,left_hand_vertical,412,min,-1.6056681251840563
P,P4,left_hand_vertical,427,max,-0.913107630072568
P,P4,left_hand_vertical,441,min,-1.0042459621625244
P,P4,left_hand_vertical,449,max,-0.6045327792387739
P,P4,left_hand_vertical,467,min,-1.1010747127698717
P,P4,left_hand_vertical,475,max,-0.9544073169459945
P,P4,left_hand_vertical,493,min,-1.1234506585115842
P,P4,left_hand_vertical,503,max,-0.8966664079743764
P,P4,left_hand_vertical,509,min,-1.2448730206204297
P,P4,left_hand_vertical,523,max,-0.7897359415449013
P,P4,left_hand_vertical,534,min,-1.4706502948117288
P,P4,left_hand_vertical,546,max,-1.3237498341187657
P,P4,left_hand_vertical,554,min,-1.4919639321618992
P,P4,left_hand_vertical,576,max,-1.3730613056843624
P,P4,left_hand_vertical,586,min,-1.464514914752686
P,P4,left_hand_vertical,595,max,-1.411342599669744
P,P4,left_hand_vertical,604,min,-1.4709457666601733
P,P4,left_hand_vertical,614,max,-1.3618434660399683
P,P4,left_hand_vertical,625,max,-1.2768670446852275
P,P4,left_hand_vertical,636,min,-1.4044810727200447
P,P4,left_hand_vertical,649,min,-1.5027945431292462
P,P4,left_hand_vertical,656,max,-1.4435008215344127
P,P4,left_hand_vertical,663,min,-1.5085492242183294
P,P4,left_hand_vertical,677,max,-1.422411634082063
P,P4,left_hand_vertical,684,min,-1.487072629166108
P,P4,left_hand_vertical,703,max,-1.4331438453043666
P,P4,left_hand_vertical,712,min,-1.535551146675211
P,P4,right_hand_vertical,1,max,-2.319464374167348
P,P4,right_hand_vertical,8,min,-2.45172964867572
P,P4,right_hand_vertical,22,min,-2.6707108901286647
P,P4,right_hand_vertical,46,max,-2.099028453078709
P,P4,right_hand_vertical,59,min,-2.3312263369844843
P,P4,right_hand_vertical,96,min,-2.559153173704146
P,P4,right_hand_vertical,109,max,-2.2905690747838063
P,P4,right_hand_vertical,127,min,-2.546876727093444
P,P4,right_hand_vertical,143,max,-2.456862019270489
P,P4,right_hand_vertical,153,min,-2.5370754278959584
P,P4,right_hand_vertical,221,max,-2.4039540415129235
P,P4,right_hand_vertical,245,min,-2.4891432853845106
P,P4,right_hand_vertical,269,max,-2.4197125188428887
P,P4,right_hand_vertical,334,max,-2.3646074280275515
P,P4,right_hand_vertical,356,min,-2.498594014914156
P,P4,right_hand_vertical,367,max,-2.1461255042192167
P,P4,right_hand_vertical,378,min,-2.6019686582978183
P,P4,right_hand_vertical,426,max,-1.0469308747357118
P,P4,right_hand_vertical,440,max,-0.975278438466848
P,P4,right_hand_vertical,446,min,-1.0270472861802653
P,P4,right_hand_vertical,484,min,-1.2342318863199977
P,P4,right_hand_vertical,503,max,-1.0596827941090805
P,P4,right_hand_vertical,514,min,-1.4674066393909324
P,P4,right_hand_vertical,529,max,-1.0916557456197424
P,P4,right_hand_vertical,550,min,-1.3607813248599363
P,P4,right_hand_vertical,557,max,-1.3014463065763249
P,P4,right_hand_vertical,563,min,-1.3600107888434911
P,P4,right_hand_vertical,606,max,-1.2693381791982932
P,P4,right_hand_vertical,618,min,-1.3474048841567927
P,P4,right_hand_vertical,694,min,-1.4339678402071456
P,P4,right_hand_vertical,717,min,-1.4899709908651386
P,P4,right_hand_vertical,732,max,-1.0489989831369353
P,P4,right_hand_vertical,748,min,-1.391688328363445
P,P4,left_hand_horizontal,1,min,-0.443512828926189
P,P4,left_hand_horizontal,24,max,0.3101632287597997
P,P4,left_hand_horizontal,43,min,-0.4095813921000822
P,P4,left_hand_horizontal,79,max,-0.0763657260203455
P,P4,left_hand_horizontal,93,max,-0.0165977307710779
P,P4,left_hand_horizontal,101,min,-0.1629815293662916
P,P4,left_hand_horizontal,113,max,-0.0020049740192554
P,P4,left_hand_horizontal,137,min,-0.2131240193687522
P,P4,left_hand_horizontal,159,max,0.0140251888337699
P,P4,left_hand_horizontal,175,min,-0.0785120868061242
P,P4,left_hand_horizontal,206,max,0.0207805937293875
P,P4,left_hand_horizontal,223,min,-0.286869219603833
P,P4,left_hand_horizontal,275,max,-0.1837295955771122
P,P4,left_hand_horizontal,371,max,-0.0447190126254929
P,P4,left_hand_horizontal,377,min,-0.1731893275541627
P,P4,left_hand_horizontal,400,max,0.1930239569696155
P,P4,left_hand_horizontal,420,min,0.0092750585477448
P,P4,left_hand_horizontal,443,min,-0.0460364896863448
P,P4,left_hand_horizontal,450,max,0.1257485617671312
P,P4,left_hand_horizontal,457,min,-0.1106065731081438
P,P4,left_hand_horizontal,476,max,0.1062126697043016
P,P4,left_hand_horizontal,484,min,-0.0578267073449027
P,P4,left_hand_horizontal,507,max,0.0652059452054026
P,P4,left_hand_horizontal,540,min,-0.082683667867167
P,P4,left_hand_horizontal,554,min,-0.2005574158933855
P,P4,left_hand_horizontal,566,max,-0.0859386865137837
P,P4,left_hand_horizontal,574,max,-0.0298282368148537
P,P4,left_hand_horizontal,623,max,0.0336335101565559
P,P4,left_hand_horizontal,638,min,-0.1360098338057931
P,P4,left_hand_horizontal,657,max,-0.0179393708711869
P,P4,left_hand_horizontal,669,min,-0.0989037829965016
P,P4,left_hand_horizontal,707,max,-0.0326707817500584
P,P4,right_hand_horizontal,12,max,0.2733066516690177
P,P4,right_hand_horizontal,25,min,-0.3371951087528879
P,P4,right_hand_horizontal,45,max,0.2786984603569633
P,P4,right_hand_horizontal,96,min,-0.0227117298780976
P,P4,right_hand_horizontal,126,max,0.0443831341479871
P,P4,right_hand_horizontal,138,max,0.2374683998361454
P,P4,right_hand_horizontal,152,min,0.05877461053161
P,P4,right_hand_horizontal,215,max,0.1956036447591584
P,P4,right_hand_horizontal,230,min,0.1364193842435938
P,P4,right_hand_horizontal,288,max,0.2759181317669865
P,P4,right_hand_horizontal,312,min,0.2056468040210704
P,P4,right_hand_horizontal,335,min,0.1464786472101922
P,P4,right_hand_horizontal,356,min,-0.0621304258384703
P,P4,right_hand_horizontal,370,min,-0.1311885397321394
P,P4,right_hand_horizontal,378,max,-0.0485889050832814
P,P4,right_hand_horizontal,399,min,-0.2694884249655663
P,P4,right_hand_horizontal,421,max,0.0859144987506473
P,P4,right_hand_horizontal,448,min,-0.0093156245807781
P,P4,right_hand_horizontal,463,max,0.1035962780121891
P,P4,right_hand_horizontal,486,min,-0.0202108286390695
P,P4,right_hand_horizontal,502,max,0.0355121932905108
P,P4,right_hand_horizontal,512,max,0.1404023110320763
P,P4,right_hand_horizontal,522,min,0.0763275738188507
P,P4,right_hand_horizontal,533,max,0.1962352254075826
P,P4,right_hand_horizontal,554,min,0.0335191576526264
P,P4,right_hand_horizontal,568,max,0.1059810023851227
P,P4,right_hand_horizontal,595,min,0.0497060705616911
P,P4,right_hand_horizontal,607,max,0.1150479801961429
P,P4,right_hand_horizontal,644,min,0.0304296413159151
P,P4,right_hand_horizontal,663,max,0.1572339531398479
P,P4,right_hand_horizontal,737,min,-0.0901461581918418
P,P4,head_horizontal,16,max,0.0627175350566108
P,P4,head_horizontal,178,min,0.0039953404539338
P,P4,head_horizontal,238,max,0.0559313632429982
P,P4,head_horizontal,328,min,-0.0025483571019989
P,P4,head_horizontal,393,max,0.0593764532309307
P,P4,head_horizontal,445,min,-0.0126612673118676
P,P4,head_horizontal,512,max,0.0458447498083773
P,P4,head_horizontal,555,min,-0.0640183514748219
P,P4,head_horizontal,567,max,0.0140677184634531
P,P4,head_horizontal,635,min,-0.0543297486065568
P,P4,head_horizontal,654,max,0.0352697883247599
P,P4,head_vertical,13,max,1.1212423910797178
P,P4,head_vertical,83,min,1.0043303054052888
P,P4,head_vertical,118,max,1.1145572576348113
P,P4,head_vertical,230,max,1.201036086776362
P,P4,head_vertical,240,min,1.1297338672094026
P,P4,head_vertical,356,min,1.0577577338541235
P,P4,head_vertical,442,min,0.999517239504288
P,P4,head_vertical,472,max,1.0562402916704818
P,P4,head_vertical,565,min,1.00103177695723
P,P4,head_vertical,592,max,1.0556010563783749
P,P4,head_vertical,642,max,1.1188759799456778
P,P4,head_vertical,661,min,1.0138048986851085
P,P5,left_hand_vertical,14,max,-2.4061827741185096
P,P5,left_hand_vertical,141,min,-2.514351633167464
P,P5,left_hand_vertical,171,max,-2.415178157518693
P,P5,left_hand_vertical,437,min,-2.471574179801124
P,P5,left_hand_vertical,539,max,-2.380487417351642
P,P5,left_hand_vertical,559,min,-2.481593934427156
P,P5,left_hand_vertical,583,max,-2.404902207189023
P,P5,left_hand_vertical,622,min,-2.505774552068153
P,P5,left_hand_vertical,664,max,-2.424436258828422
P,P5,left_hand_vertical,688,max,-2.365661054742782
P,P5,left_hand_vertical,745,min,-2.4694958229806168
P,P5,left_hand_vertical,884,max,-2.416018503293151
P,P5,right_hand_vertical,8,min,-2.3167459267783155
P,P5,right_hand_vertical,148,min,-2.4137692300510865
P,P5,right_hand_vertical,175,max,-2.35829112045367
P,P5,right_hand_vertical,209,max,-2.279330034655658
P,P5,right_hand_vertical,258,min,-2.356393021572984
P,P5,right_hand_vertical,276,max,-2.2616666332853974
P,P5,right_hand_vertical,285,max,-2.193086045560878
P,P5,right_hand_vertical,295,min,-2.2685184304311377
P,P5,right_hand_vertical,378,min,-2.3687006292091217
P,P5,right_hand_vertical,414,max,-2.315235700729557
P,P5,right_hand_vertical,457,min,-2.3677260711026045
P,P5,right_hand_vertical,588,min,-2.446132068433573
P,P5,right_hand_vertical,606,max,-2.288499510242428
P,P5,right_hand_vertical,617,min,-2.356892814924452
P,P5,right_hand_vertical,639,min,-2.428408246755352
P,P5,right_hand_vertical,681,max,-2.3259506033832293
P,P5,right_hand_vertical,705,min,-2.402197369172593
P,P5,right_hand_vertical,739,max,-2.349501611824426
P,P5,right_hand_vertical,768,min,-2.414544833836239
P,P5,right_hand_vertical,833,max,-2.355289035677446
P,P5,right_hand_vertical,872,min,-2.429386434357777
P,P5,left_hand_horizontal,10,min,-0.3649820932328113
P,P5,left_hand_horizontal,23,max,-0.302107522595091
P,P5,left_hand_horizontal,102,min,-0.3599206718101015
P,P5,left_hand_horizontal,136,max,-0.1146382158419397
P,P5,left_hand_horizontal,170,min,-0.4526661068666417
P,P5,left_hand_horizontal,226,max,-0.1984791822444093
P,P5,left_hand_horizontal,257,min,-0.4251680316323559
P,P5,left_hand_horizontal,285,max,-0.3419432907732653
P,P5,left_hand_horizontal,416,max,-0.2836408763788124
P,P5,left_hand_horizontal,522,min,-0.4482040836117903
P,P5,left_hand_horizontal,571,max,-0.2009266825039147
P,P5,left_hand_horizontal,605,min,-0.3741489236949367
P,P5,left_hand_horizontal,636,max,-0.2573491943119358
P,P5,left_hand_horizontal,673,min,-0.3578445917212844
P,P5,left_hand_horizontal,701,max,-0.3028070871239909
P,P5,right_hand_horizontal,1,max,0.1947142546886218
P,P5,right_hand_horizontal,21,max,0.2505204665020745
P,P5,right_hand_horizontal,103,min,0.1879460416554713
P,P5,right_hand_horizontal,136,max,0.4806371199921417
P,P5,right_hand_horizontal,186,min,0.0701228709842265
P,P5,right_hand_horizontal,232,max,0.3396661425811924
P,P5,right_hand_horizontal,258,min,0.1143151137964773
P,P5,right_hand_horizontal,271,max,0.176927019904758
P,P5,right_hand_horizontal,390,max,0.2323858859745645
P,P5,right_hand_horizontal,523,min,0.1067802669428027
P,P5,right_hand_horizontal,567,max,0.3121817031540824
P,P5,right_hand_horizontal,584,min,0.2472623352757951
P,P5,right_hand_horizontal,605,min,0.1769329668698044
P,P5,right_hand_horizontal,623,max,0.2576021907211628
P,P5,right_hand_horizontal,682,min,0.2011856062118332
P,P5,right_hand_horizontal,763,max,0.2531961779455214
P,P5,head_horizontal,6,min,-0.0403694888001637
P,P5,head_horizontal,46,max,0.0490261332961649
P,P5,head_horizontal,84,min,-0.0588976246824161
P,P5,head_horizontal,587,max,-0.0005154681381575
P,P5,head_horizontal,620,min,-0.082900434951804
P,P5,head_horizontal,643,max,-0.0266632163726576
P,P5,head_vertical,6,max,1.1626928775683607
P,P5,head_vertical,30,min,1.080765538389158
P,P5,head_vertical,91,min,0.9117555242161371
P,P5,head_vertical,164,max,0.9715690268182684
P,P5,head_vertical,210,max,1.023267731262535
P,P5,head_vertical,404,max,1.1042693217681192
P,P5,head_vertical,511,min,1.047285397179841
P,P5,head_vertical,617,max,1.1088830535621836
P,P5,head_vertical,730,min,1.0534280122470931
P,P6,left_hand_vertical,2,min,-1.52838364675433
P,P6,left_hand_vertical,48,max,-1.4629172228402638
P,P6,left_hand_vertical,70,max,-1.1585137125882974
P,P6,left_hand_vertical,79,min,-1.3164822579487536
P,P6,left_hand_vertical,144,max,-1.2153776271871797
P,P6,left_hand_vertical,185,min,-1.438600405468937
P,P6,left_hand_vertical,212,max,-1.3766703751793803
P,P6,left_hand_vertical,254,min,-1.4348679092854772
P,P6,left_hand_vertical,450,max,-1.3811603767519776
P,P6,left_hand_vertical,533,min,-1.4344732314252422
P,P6,left_hand_vertical,607,min,-1.634219360772578
P,P6,left_hand_vertical,619,min,-2.474006911173421
P,P6,left_hand_vertical,646,max,-2.4043811969420026
P,P6,left_hand_vertical,683,max,-2.32989533116971
P,P6,left_hand_vertical,749,min,-2.4114027812833414
P,P6,left_hand_vertical,799,max,-2.277411999287178
P,P6,left_hand_vertical,832,min,-2.7546182413651965
P,P6,right_hand_vertical,12,max,-1.3385552114444803
P,P6,right_hand_vertical,35,min,-1.4240437733333784
P,P6,right_hand_vertical,66,max,-1.3009653316673675
P,P6,right_hand_vertical,71,min,-1.4869974281321132
P,P6,right_hand_vertical,84,max,-1.2082546674415149
P,P6,right_hand_vertical,97,min,-1.2811225559682886
P,P6,right_hand_vertical,137,min,-1.375135658663076
P,P6,right_hand_vertical,163,max,-1.1618242790243771
P,P6,right_hand_vertical,182,min,-1.5617271932295205
P,P6,right_hand_vertical,209,max,-1.2662371528233691
P,P6,right_hand_vertical,252,max,-1.1827317839864435
P,P6,right_hand_vertical,321,max,-1.057213597453493
P,P6,right_hand_vertical,334,min,-1.1341740315296909
P,P6,right_hand_vertical,350,max,-1.0669192302558044
P,P6,right_hand_vertical,369,min,-1.1272732532074985
P,P6,right_hand_vertical,448,max,-1.0226862303963025
P,P6,right_hand_vertical,459,max,-0.8770987857601932
P,P6,right_hand_vertical,469,min,-1.281355875750244
P,P6,right_hand_vertical,480,max,-1.150616447799988
P,P6,right_hand_vertical,562,max,-1.06824537675566
P,P6,right_hand_vertical,599,min,-1.2432432652444014
P,P6,right_hand_vertical,608,max,-0.9668801345407608
P,P6,right_hand_vertical,620,min,-2.299819130774285
P,P6,right_hand_vertical,627,max,-2.1406598809369184
P,P6,right_hand_vertical,695,max,-2.010281651810657
P,P6,right_hand_vertical,738,min,-2.131140972939897
P,P6,right_hand_vertical,794,max,-2.0147636237028013
P,P6,right_hand_vertical,836,min,-2.6704241240705806
P,P6,right_hand_vertical,852,max,-2.5274512765762744
P,P6,right_hand_vertical,869,min,-2.65484932612736
P,P6,left_hand_horizontal,1,max,-0.1430410140890758
P,P6,left_hand_horizontal,18,min,-0.2908557922558831
P,P6,left_hand_horizontal,42,max,-0.1346322316024572
P,P6,left_hand_horizontal,59,min,-0.2078074997736123
P,P6,left_hand_horizontal,75,max,0.0133742294019886
P,P6,left_hand_horizontal,120,min,-0.3793254998645286
P,P6,left_hand_horizontal,137,max,-0.1112304461717818
P,P6,left_hand_horizontal,170,min,-0.2616990891211588
P,P6,left_hand_horizontal,182,max,-0.042297144525049
P,P6,left_hand_horizontal,193,min,-0.246384665150049
P,P6,left_hand_horizontal,221,max,-0.1289097337562024
P,P6,left_hand_horizontal,240,min,-0.3274876021313002
P,P6,left_hand_horizontal,262,max,-0.1950305099124385
P,P6,left_hand_horizontal,329,min,-0.3672988820811984
P,P6,left_hand_horizontal,353,max,-0.2088520890384715
P,P6,left_hand_horizontal,401,min,-0.2720786388225937
P,P6,left_hand_horizontal,441,min,-0.4625125382965014
P,P6,left_hand_horizontal,476,max,-0.0142769224187024
P,P6,left_hand_horizontal,511,min,-0.3338323986827329
P,P6,left_hand_horizontal,534,max,-0.2724020404919256
P,P6,left_hand_horizontal,598,max,-0.1541117222540612
P,P6,left_hand_horizontal,612,min,-0.5080047299497412
P,P6,left_hand_horizontal,621,max,-0.3590888034295914
P,P6,left_hand_horizontal,675,min,-0.4747085768900764
P,P6,left_hand_horizontal,705,max,-0.3378930427934018
P,P6,left_hand_horizontal,729,min,-0.4118520265062483
P,P6,left_hand_horizontal,770,min,-0.4969798911584002
P,P6,left_hand_horizontal,836,max,0.4334523614813152
P,P6,left_hand_horizontal,868,min,0.254706465858421
P,P6,right_hand_horizontal,1,min,0.0990176327133298
P,P6,right_hand_horizontal,6,max,0.1588824578342616
P,P6,right_hand_horizontal,18,min,0.0996364016397813
P,P6,right_hand_horizontal,44,max,0.2329905271104953
P,P6,right_hand_horizontal,71,min,-0.0791865682655584
P,P6,right_hand_horizontal,84,max,0.1709363780000952
P,P6,right_hand_horizontal,122,min,0.0585678098537283
P,P6,right_hand_horizontal,137,min,-0.0352355372547525
P,P6,right_hand_horizontal,159,max,0.1901548431364163
P,P6,right_hand_horizontal,183,min,-0.1355530111392909
P,P6,right_hand_horizontal,193,max,0.1357620227606185
P,P6,right_hand_horizontal,226,min,-0.0098215459740138
P,P6,right_hand_horizontal,234,max,0.1148965960417095
P,P6,right_hand_horizontal,329,min,-0.1763569190976793
P,P6,right_hand_horizontal,340,max,-0.0274102816051587
P,P6,right_hand_horizontal,365,max,0.0771758075009124
P,P6,right_hand_horizontal,448,min,-0.085058937566638
P,P6,right_hand_horizontal,478,max,0.331166101024239
P,P6,right_hand_horizontal,508,min,0.0486049331796055
P,P6,right_hand_horizontal,598,min,-0.0579689385476796
P,P6,right_hand_horizontal,613,max,0.503042167084558
P,P6,right_hand_horizontal,647,min,0.3906743419850739
P,P6,right_hand_horizontal,705,max,0.4501928246291991
P,P6,right_hand_horizontal,766,min,0.349758465307738
P,P6,right_hand_horizontal,783,max,0.4031890007963656
P,P6,right_hand_horizontal,810,min,0.2886482495402491
P,P6,right_hand_horizontal,821,max,0.3528683968437877
P,P6,right_hand_horizontal,837,min,-0.3644704018929033
P,P6,right_hand_horizontal,849,max,-0.0926962586645123
P,P6,right_hand_horizontal,875,min,-0.1777652041056171
P,P6,right_hand_horizontal,890,max,-0.0459532993738744
P,P6,right_hand_horizontal,910,min,-0.2131067136787224
P,P6,head_horizontal,23,min,-0.0153729070858585
P,P6,head_horizontal,76,max,0.0384655020779118
P,P6,head_horizontal,118,min,-0.0997221528613983
P,P6,head_horizontal,152,max,0.0645659386158241
P,P6,head_horizontal,178,min,-0.0516253217514973
P,P6,head_horizontal,477,max,0.0883254233889795
P,P6,head_horizontal,544,min,0.0369774870375857
P,P6,head_horizontal,645,min,-0.0327687183055432
P,P6,head_horizontal,840,max,0.0201090239648289
P,P6,head_vertical,2,min,0.9565106791679168
P,P6,head_vertical,30,min,0.869812853767883
P,P6,head_vertical,67,max,0.9444160179679444
P,P6,head_vertical,176,max,1.2066363835514422
P,P6,head_vertical,215,min,1.0086091490293496
P,P6,head_vertical,438,min,0.9323850733442622
P,P6,head_vertical,468,max,1.0021065113250112
P,P6,head_vertical,682,max,1.07569436545958
P,P6,head_vertical,734,min,1.0125073618058025
P,P6,head_vertical,795,min,0.9571496768419638
P,P6,head_vertical,843,max,1.05342104270003
P,P7,left_hand_vertical,4,min,-2.659915388097997
P,P7,left_hand_vertical,50,max,-2.5143929713680744
P,P7,left_hand_vertical,81,max,-2.350116742075018
P,P7,left_hand_vertical,104,min,-2.4197176745492763
P,P7,left_hand_vertical,182,max,-2.295009267520936
P,P7,left_hand_vertical,265,min,-2.351421957731666
P,P7,left_hand_vertical,312,min,-2.4875038184086464
P,P7,left_hand_vertical,346,max,-2.386497511432706
P,P7,left_hand_vertical,358,min,-2.438186012834804
P,P7,left_hand_vertical,387,min,-2.5135888164486424
P,P7,left_hand_vertical,402,max,-2.3917851284583174
P,P7,left_hand_vertical,457,max,-1.306235377721365
P,P7,left_hand_vertical,467,min,-1.7308624465368292
P,P7,left_hand_vertical,492,min,-2.141717067916241
P,P7,left_hand_vertical,503,max,-2.0002060491594698
P,P7,left_hand_vertical,528,min,-2.2915614578638595
P,P7,left_hand_vertical,555,max,-1.0604184642843453
P,P7,left_hand_vertical,568,min,-1.202681840359994
P,P7,left_hand_vertical,585,max,-0.8315750427335084
P,P7,left_hand_vertical,591,min,-1.1265607056778233
P,P7,left_hand_vertical,598,max,-1.0654385983941803
P,P7,left_hand_vertical,614,min,-1.7527256458950502
P,P7,left_hand_vertical,633,max,-1.1724883819273917
P,P7,left_hand_vertical,659,min,-1.322208500903748
P,P7,left_hand_vertical,670,max,-1.1598956835914376
P,P7,left_hand_vertical,699,min,-1.3853530205708815
P,P7,left_hand_vertical,707,max,-1.1406260608562588
P,P7,left_hand_vertical,729,min,-1.2792941189453553
P,P7,left_hand_vertical,758,max,-1.0937020140572271
P,P7,left_hand_vertical,771,max,-1.0171977834958812
P,P7,left_hand_vertical,797,max,-0.9658765045147208
P,P7,left_hand_vertical,812,min,-1.116048104052321
P,P7,left_hand_vertical,828,max,-0.9880569200741612
P,P7,left_hand_vertical,844,min,-1.223150693045843
P,P7,left_hand_vertical,863,max,-0.9288211081893516
P,P7,left_hand_vertical,891,min,-1.444631458133094
P,P7,left_hand_vertical,906,max,-1.1885093531516082
P,P7,right_hand_vertical,18,min,-2.630760660613615
P,P7,right_hand_vertical,51,max,-2.4577443261449186
P,P7,right_hand_vertical,83,max,-2.305194744099511
P,P7,right_hand_vertical,106,min,-2.4163960677056058
P,P7,right_hand_vertical,311,min,-2.500445532452062
P,P7,right_hand_vertical,323,max,-2.4168183835749395
P,P7,right_hand_vertical,334,min,-2.469687283793859
P,P7,right_hand_vertical,360,max,-1.2708226083934095
P,P7,right_hand_vertical,374,min,-2.870593735630345
P,P7,right_hand_vertical,396,max,-1.548460153189025
P,P7,right_hand_vertical,411,min,-1.9043165010192709
P,P7,right_hand_vertical,425,max,-1.257845719778399
P,P7,right_hand_vertical,435,min,-2.483015280390576
P,P7,right_hand_vertical,455,max,-1.749757946939368
P,P7,right_hand_vertical,498,min,-2.228950830264898
P,P7,right_hand_vertical,521,min,-2.345995949047176
P,P7,right_hand_vertical,546,max,-0.7604314038355869
P,P7,right_hand_vertical,565,min,-1.2041484999709748
P,P7,right_hand_vertical,587,max,-1.067289881650599
P,P7,right_hand_vertical,616,min,-1.902410988384441
P,P7,right_hand_vertical,629,max,-1.2811155079099323
P,P7,right_hand_vertical,635,min,-1.434398807194368
P,P7,right_hand_vertical,648,max,-1.276294129201724
P,P7,right_hand_vertical,659,min,-1.4227322594092022
P,P7,right_hand_vertical,675,max,-1.1866551601494997
P,P7,right_hand_vertical,680,min,-1.2745523611574916
P,P7,right_hand_vertical,697,min,-1.5106862613690648
P,P7,right_hand_vertical,716,max,-1.0727612267158673
P,P7,right_hand_vertical,726,min,-1.3924773927609668
P,P7,right_hand_vertical,736,max,-1.3400919490182772
P,P7,right_hand_vertical,767,max,-0.5509340725508196
P,P7,right_hand_vertical,777,min,-0.8856479026544386
P,P7,right_hand_vertical,791,max,-0.3425789619028205
P,P7,right_hand_vertical,808,min,-1.3500045219400163
P,P7,right_hand_vertical,828,max,-0.3115990513343792
P,P7,right_hand_vertical,840,min,-1.2657171883127178
P,P7,right_hand_vertical,864,max,-0.2190828637026459
P,P7,right_hand_vertical,875,min,-0.9661114044031702
P,P7,right_hand_vertical,884,min,-1.107510118026866
P,P7,right_hand_vertical,899,max,-0.831265673725649
P,P7,right_hand_vertical,910,min,-1.323000605441928
P,P7,left_hand_horizontal,13,min,-0.0121277321585612
P,P7,left_hand_horizontal,38,min,-0.0736235357310953
P,P7,left_hand_horizontal,78,min,-0.1333400288165076
P,P7,left_hand_horizontal,98,max,-0.0567928863296154
P,P7,left_hand_horizontal,215,max,-0.0043051574703521
P,P7,left_hand_horizontal,311,min,-0.1107643511659982
P,P7,left_hand_horizontal,352,max,0.0624744766639469
P,P7,left_hand_horizontal,375,min,-0.000447473752897
P,P7,left_hand_horizontal,422,min,-0.0552032412012494
P,P7,left_hand_horizontal,450,max,0.0397879197955494
P,P7,left_hand_horizontal,458,min,-0.0534773858911602
P,P7,left_hand_horizontal,484,max,0.1881548272894973
P,P7,left_hand_horizontal,506,max,0.2682939273428493
P,P7,left_hand_horizontal,520,min,0.2083491054281705
P,P7,left_hand_horizontal,530,max,0.353646226560792
P,P7,left_hand_horizontal,555,min,-0.214714438735095
P,P7,left_hand_horizontal,562,max,-0.1535129648259715
P,P7,left_hand_horizontal,573,min,-0.2351337292187006
P,P7,left_hand_horizontal,585,min,-0.5089273395275775
P,P7,left_hand_horizontal,611,max,0.2705777402018653
P,P7,left_hand_horizontal,622,min,-0.1508010299201154
P,P7,left_hand_horizontal,637,max,-0.0533676143870288
P,P7,left_hand_horizontal,662,min,-0.2980111327670958
P,P7,left_hand_horizontal,676,max,-0.1471047941511526
P,P7,left_hand_horizontal,694,min,-0.2908465480380473
P,P7,left_hand_horizontal,716,max,-0.0959727817784253
P,P7,left_hand_horizontal,722,min,-0.15643227120265
P,P7,left_hand_horizontal,740,min,-0.2324955904162648
P,P7,left_hand_horizontal,761,max,-0.1078771498488215
P,P7,left_hand_horizontal,778,min,-0.2214423645656185
P,P7,left_hand_horizontal,807,max,-0.1029234113292962
P,P7,left_hand_horizontal,821,min,-0.1824746934922414
P,P7,left_hand_horizontal,851,min,-0.2464702741645356
P,P7,left_hand_horizontal,866,max,-0.0024682125832731
P,P7,left_hand_horizontal,876,min,-0.3021533444788871
P,P7,left_hand_horizontal,888,max,-0.0364824526874593
P,P7,left_hand_horizontal,907,min,-0.1463502693346866
P,P7,right_hand_horizontal,4,min,0.0620157919691241
P,P7,right_hand_horizontal,46,min,-0.1135024917567742
P,P7,right_hand_horizontal,62,max,-0.0534052020970612
P,P7,right_hand_horizontal,78,min,-0.1452085812526
P,P7,right_hand_horizontal,106,max,-0.0358171074823339
P,P7,right_hand_horizontal,316,min,-0.1149858309806537
P,P7,right_hand_horizontal,346,max,-0.025328516085043
P,P7,right_hand_horizontal,353,min,-0.3417489221626689
P,P7,right_hand_horizontal,366,min,-0.6852627718416598
P,P7,right_hand_horizontal,380,max,-0.1580387670271039
P,P7,right_hand_horizontal,389,min,-0.42933372725508
P,P7,right_hand_horizontal,394,max,-0.2527916477445592
P,P7,right_hand_horizontal,400,min,-0.4314862800282147
P,P7,right_hand_horizontal,414,max,-0.3281959298633555
P,P7,right_hand_horizontal,420,min,-0.4199335185438519
P,P7,right_hand_horizontal,429,min,-0.496289828711525
P,P7,right_hand_horizontal,439,max,-0.1411961191684527
P,P7,right_hand_horizontal,447,min,-0.2522775920072131
P,P7,right_hand_horizontal,455,max,-0.0308000362276631
P,P7,right_hand_horizontal,483,min,-0.2270896097822871
P,P7,right_hand_horizontal,504,min,-0.2799790186823279
P,P7,right_hand_horizontal,528,min,-0.3447413243333461
P,P7,right_hand_horizontal,549,max,-0.0278602238326402
P,P7,right_hand_horizontal,582,max,0.3637402162348316
P,P7,right_hand_horizontal,590,min,0.302742063718108
P,P7,right_hand_horizontal,611,min,-0.2643832484424786
P,P7,right_hand_horizontal,623,max,0.2602686729906437
P,P7,right_hand_horizontal,642,min,0.0253778413004486
P,P7,right_hand_horizontal,650,max,0.1919989648127161
P,P7,right_hand_horizontal,680,min,-0.3936412029541999
P,P7,right_hand_horizontal,701,max,0.1463654844221877
P,P7,right_hand_horizontal,714,min,-0.0050316346283665
P,P7,right_hand_horizontal,726,max,0.2675745091972525
P,P7,right_hand_horizontal,748,min,0.0056060041814587
P,P7,right_hand_horizontal,756,max,0.0755420067529234
P,P7,right_hand_horizontal,768,min,-0.0328970395524479
P,P7,right_hand_horizontal,775,max,0.0821663580188303
P,P7,right_hand_horizontal,794,min,-0.085659814269787
P,P7,right_hand_horizontal,803,max,0.282030964551857
P,P7,right_hand_horizontal,830,min,-0.2870283252917478
P,P7,right_hand_horizontal,840,max,0.2298751936733338
P,P7,right_hand_horizontal,866,min,-0.3190721816085962
P,P7,right_hand_horizontal,876,max,0.3107709946947576
P,P7,right_hand_horizontal,898,min,-0.1543895691511546
P,P7,right_hand_horizontal,908,max,0.3002269557002019
P,P7,head_horizontal,12,max,0.0051164396357753
P,P7,head_horizontal,72,min,-0.0536175050243141
P,P7,head_horizontal,94,max,0.0051851614915384
P,P7,head_horizontal,157,min,-0.1568634614301969
P,P7,head_horizontal,172,max,-0.0010508295920819
P,P7,head_horizontal,181,min,-0.0570006415726565
P,P7,head_horizontal,208,max,0.0038078352670673
P,P7,head_horizontal,312,min,-0.1573546199786396
P,P7,head_horizontal,340,max,0.0728232861017735
P,P7,head_horizontal,389,min,0.0178525466286314
P,P7,head_horizontal,426,min,-0.0382496059495408
P,P7,head_horizontal,436,max,0.0243187008595807
P,P7,head_horizontal,532,max,0.0879441603491881
P,P7,head_horizontal,550,min,0.0366819799605372
P,P7,head_horizontal,580,min,-0.026448740216033
P,P7,head_horizontal,618,max,0.04223339129501
P,P7,head_horizontal,657,min,-0.0412575690354221
P,P7,head_horizontal,671,min,-0.1336895644304886
P,P7,head_horizontal,703,max,-0.0448195451042073
P,P7,head_horizontal,769,max,0.0381820207651943
P,P7,head_horizontal,797,max,0.1699066980384425
P,P7,head_horizontal,826,min,0.0548271587345029
P,P7,head_horizontal,868,min,-0.0671052860018112
P,P7,head_vertical,18,min,1.1238878772614047
P,P7,head_vertical,35,max,1.2085843526863913
P,P7,head_vertical,50,min,1.150264179721323
P,P7,head_vertical,80,min,1.0570877890328436
P,P7,head_vertical,104,max,1.1181963893981548
P,P7,head_vertical,154,min,1.0312867152033027
P,P7,head_vertical,170,min,0.8754880625929589
P,P7,head_vertical,202,max,1.1650807505545235
P,P7,head_vertical,214,max,1.2636206037090538
P,P7,head_vertical,238,min,1.1742705352580165
P,P7,head_vertical,335,min,1.0995438733971086
P,P7,head_vertical,388,min,1.0283653371888808
P,P7,head_vertical,412,max,1.137730762045019
P,P7,head_vertical,438,min,1.0302222495483773
P,P7,head_vertical,453,max,1.0982773035701
P,P7,head_vertical,515,min,0.9169319189261677
P,P7,head_vertical,546,max,1.071113299800747
P,P7,head_vertical,626,min,0.9774802767500852
P,P7,head_vertical,652,max,1.0794229520042369
P,P7,head_vertical,687,max,1.1424989528520813
P,P7,head_vertical,845,max,1.2064925767187331
P,P7,head_vertical,874,min,0.9210412879902126
P,P7,head_vertical,889,max,1.0131023763515803
P,P8,left_hand_vertical,25,max,-2.2543693658841653
P,P8,left_hand_vertical,48,min,-2.4488981739100617
P,P8,left_hand_vertical,76,max,-2.363161758181243
P,P8,left_hand_vertical,106,min,-2.425523437391438
P,P8,left_hand_vertical,189,max,-0.0547497293027314
P,P8,left_hand_vertical,199,min,-0.1089312629616081
P,P8,left_hand_vertical,209,max,0.0618985043508369
P,P8,left_hand_vertical,228,min,-2.287882612198224
P,P8,left_hand_vertical,361,max,-2.2033676595241274
P,P8,left_hand_vertical,407,min,-2.4037034684553635
P,P8,left_hand_vertical,460,max,-2.3495067385152706
P,P8,left_hand_vertical,601,min,-2.402573309987364
P,P8,left_hand_vertical,632,max,-2.2957398291689075
P,P8,left_hand_vertical,648,min,-2.4089214339453853
P,P8,left_hand_vertical,668,max,-2.343432789490529
P,P8,left_hand_vertical,683,min,-2.401334640847447
P,P8,left_hand_vertical,704,max,-2.344051300597004
P,P8,left_hand_vertical,737,max,-1.8526252230871487
P,P8,left_hand_vertical,748,min,-2.1301421703318653
P,P8,left_hand_vertical,775,min,-2.3043715823756914
P,P8,left_hand_vertical,800,max,-2.2147546843788715
P,P8,left_hand_vertical,809,min,-2.276239076623777
P,P8,left_hand_vertical,822,max,-0.4872673678235225
P,P8,left_hand_vertical,832,min,-1.9047021896324603
P,P8,left_hand_vertical,834,max,-1.840424577285144
P,P8,left_hand_vertical,845,min,-2.904796482495521
P,P8,left_hand_vertical,877,max,-0.7692545440642397
P,P8,left_hand_vertical,888,min,-2.953608468857688
P,P8,left_hand_vertical,897,max,-2.7524138234594595
P,P8,left_hand_vertical,904,min,-2.831241509584552
P,P8,left_hand_vertical,917,max,-1.2666173179785234
P,P8,right_hand_vertical,23,max,-2.317178348002272
P,P8,right_hand_vertical,47,min,-2.385227474739079
P,P8,right_hand_vertical,151,max,-2.274116876330142
P,P8,right_hand_vertical,184,min,-2.665666734429097
P,P8,right_hand_vertical,208,max,-2.6007009978916886
P,P8,right_hand_vertical,222,max,-2.2438933780144303
P,P8,right_hand_vertical,246,min,-2.5084035133125324
P,P8,right_hand_vertical,284,max,-2.443427691805512
P,P8,right_hand_vertical,346,max,-2.389060274476784
P,P8,right_hand_vertical,388,min,-2.4905344665714555
P,P8,right_hand_vertical,411,max,-2.4318830084137115
P,P8,right_hand_vertical,478,max,-2.3686826709718467
P,P8,right_hand_vertical,563,min,-2.455851520178908
P,P8,right_hand_vertical,696,max,-2.3485624446668463
P,P8,right_hand_vertical,737,max,-1.8304651483679175
P,P8,right_hand_vertical,750,min,-2.015875783305394
P,P8,right_hand_vertical,782,max,-1.9639165416197053
P,P8,right_hand_vertical,810,min,-2.0691967011401746
P,P8,right_hand_vertical,831,min,-2.653942302477688
P,P8,right_hand_vertical,838,max,-2.578603897235344
P,P8,right_hand_vertical,846,min,-2.7404473838853765
P,P8,right_hand_vertical,869,max,-0.3531651425234026
P,P8,right_hand_vertical,872,min,-0.4598389672913291
P,P8,right_hand_vertical,877,max,-0.3107017745046175
P,P8,right_hand_vertical,892,min,-2.659367479649128
P,P8,right_hand_vertical,898,max,-2.600531844664693
P,P8,right_hand_vertical,903,min,-2.6617839083627834
P,P8,right_hand_vertical,917,max,-2.4001995615704432
P,P8,left_hand_horizontal,17,min,-0.5538430489132963
P,P8,left_hand_horizontal,34,max,-0.466811223723171
P,P8,left_hand_horizontal,70,min,-0.5728556212699595
P,P8,left_hand_horizontal,90,max,-0.4701768677086329
P,P8,left_hand_horizontal,107,max,-0.3942762888600759
P,P8,left_hand_horizontal,149,max,-0.3164181283649772
P,P8,left_hand_horizontal,164,min,-0.480564642052349
P,P8,left_hand_horizontal,191,max,-0.3148439119882759
P,P8,left_hand_horizontal,222,min,-0.5797115975904317
P,P8,left_hand_horizontal,251,max,-0.520230874522752
P,P8,left_hand_horizontal,353,max,-0.4597286314801895
P,P8,left_hand_horizontal,378,min,-0.5782862535797378
P,P8,left_hand_horizontal,401,max,-0.4821089716206823
P,P8,left_hand_horizontal,432,min,-0.6285075734257678
P,P8,left_hand_horizontal,459,max,-0.3620851592633954
P,P8,left_hand_horizontal,481,min,-0.5595264242900647
P,P8,left_hand_horizontal,514,max,-0.4783631492919793
P,P8,left_hand_horizontal,574,min,-0.5379009187144894
P,P8,left_hand_horizontal,597,max,-0.3933183451825703
P,P8,left_hand_horizontal,645,max,-0.3146264328233196
P,P8,left_hand_horizontal,672,min,-0.5620540602112938
P,P8,left_hand_horizontal,687,max,-0.489773736571157
P,P8,left_hand_horizontal,713,min,-0.5415848645219397
P,P8,left_hand_horizontal,734,max,0.212027254102967
P,P8,left_hand_horizontal,752,min,0.130185136700242
P,P8,left_hand_horizontal,809,max,0.1899711250567635
P,P8,left_hand_horizontal,819,min,-0.7252827685354172
P,P8,left_hand_horizontal,825,max,-0.6479206931709928
P,P8,left_hand_horizontal,845,max,0.201448849191114
P,P8,left_hand_horizontal,874,min,-0.1786041407837343
P,P8,left_hand_horizontal,883,min,-0.2785825093038565
P,P8,left_hand_horizontal,900,max,0.3650592217799008
P,P8,left_hand_horizontal,918,min,-0.8161121258740166
P,P8,right_hand_horizontal,3,max,0.2131423920438818
P,P8,right_hand_horizontal,23,min,0.1443856969317827
P,P8,right_hand_horizontal,46,max,0.2344845063476447
P,P8,right_hand_horizontal,69,min,0.0960481542809809
P,P8,right_hand_horizontal,88,max,0.2538358460520405
P,P8,right_hand_horizontal,187,min,-0.1986277394865504
P,P8,right_hand_horizontal,226,max,0.2017735365422717
P,P8,right_hand_horizontal,256,max,0.2634084069069814
P,P8,right_hand_horizontal,329,min,0.204392641435656
P,P8,right_hand_horizontal,400,max,0.2708988003915111
P,P8,right_hand_horizontal,432,min,0.0897004048759407
P,P8,right_hand_horizontal,456,max,0.3914337715629569
P,P8,right_hand_horizontal,481,min,0.1673522816223536
P,P8,right_hand_horizontal,520,max,0.2669213107448799
P,P8,right_hand_horizontal,549,min,0.2130179703981946
P,P8,right_hand_horizontal,564,max,0.275441694816754
P,P8,right_hand_horizontal,599,max,0.4289590991353398
P,P8,right_hand_horizontal,612,min,0.3530471171610645
P,P8,right_hand_horizontal,634,max,0.4272786701029192
P,P8,right_hand_horizontal,673,min,0.1778219229852556
P,P8,right_hand_horizontal,682,max,0.2378062068801168
P,P8,right_hand_horizontal,732,min,-0.2343486465483053
P,P8,right_hand_horizontal,739,max,-0.124466753678361
P,P8,right_hand_horizontal,778,max,-0.0430050254009472
P,P8,right_hand_horizontal,818,min,-0.3005734016061566
P,P8,right_hand_horizontal,825,max,-0.2456467720671415
P,P8,right_hand_horizontal,833,min,-0.3069500625684065
P,P8,right_hand_horizontal,856,max,-0.070777316575715
P,P8,right_hand_horizontal,872,min,-0.3677944417846954
P,P8,right_hand_horizontal,885,min,-0.5952542926909076
P,P8,right_hand_horizontal,896,max,-0.1044130450946036
P,P8,head_horizontal,5,min,-0.1234424849331962
P,P8,head_horizontal,29,max,-0.0233092997468384
P,P8,head_horizontal,38,min,-0.0852854182966652
P,P8,head_horizontal,108,min,-0.143366299526215
P,P8,head_horizontal,125,max,0.075926054903811
P,P8,head_horizontal,149,min,-0.0073414811743967
P,P8,head_horizontal,183,max,0.1055462654333672
P,P8,head_horizontal,202,min,0.0466028172628803
P,P8,head_horizontal,229,min,-0.048913598069284
P,P8,head_horizontal,381,max,0.003804812733344
P,P8,head_horizontal,403,min,-0.063162140719315
P,P8,head_horizontal,434,min,-0.2098725632585796
P,P8,head_horizontal,455,max,0.0314984622233354
P,P8,head_horizontal,509,min,-0.0379180892365842
P,P8,head_horizontal,561,max,0.1293851158055351
P,P8,head_horizontal,589,min,-0.0367502499397632
P,P8,head_horizontal,645,max,0.0761322956357467
P,P8,head_horizontal,681,min,-0.0979616182566946
P,P8,head_horizontal,711,max,-0.0454778045198854
P,P8,head_horizontal,736,min,-0.1021884044069053
P,P8,head_horizontal,818,max,0.0641096264105409
P,P8,head_horizontal,827,min,0.0011238122684252
P,P8,head_horizontal,884,min,-0.0626762481001266
P,P8,head_horizontal,892,max,-0.0013853928192975
P,P8,head_vertical,10,max,1.031322140864538
P,P8,head_vertical,191,min,0.6835802829292329
P,P8,head_vertical,226,max,1.12771144300943
P,P8,head_vertical,314,min,1.0094255335951576
P,P8,head_vertical,383,max,1.1127653084900435
P,P8,head_vertical,469,min,0.9834425904765868
P,P8,head_vertical,520,min,0.7846829816087196
P,P8,head_vertical,569,max,1.1289860730763532
P,P8,head_vertical,599,min,1.0193643275313724
P,P8,head_vertical,617,min,0.9295044228478756
P,P8,head_vertical,635,max,0.991756986386297
P,P8,head_vertical,647,max,1.235099840354867
P,P8,head_vertical,681,min,1.0003137901280823
P,P8,head_vertical,727,max,1.0602556137260128
P,P8,head_vertical,737,min,0.988564325193938
P,P8,head_vertical,790,min,0.8135175947596136
P,P8,head_vertical,805,max,1.0405414338864505
P,P8,head_vertical,822,min,0.8623870539569564
P,P8,head_vertical,845,max,1.131982733520318
P,P8,head_vertical,879,min,0.9424382711669916
P,P8,head_vertical,895,max,1.0608218355156012
P,P9,left_hand_vertical,32,max,-2.404757621901017
P,P9,left_hand_vertical,450,max,-2.350373748207389
P,P9,left_hand_vertical,480,min,-2.4131707646508063
P,P9,left_hand_vertical,572,max,-2.359983276193629
P,P9,left_hand_vertical,663,min,-2.4113023335437727
P,P9,left_hand_vertical,772,max,-2.3569502999564875
P,P9,left_hand_vertical,826,min,-2.417315931509032
P,P9,right_hand_vertical,34,max,-2.5414995504674813
P,P9,right_hand_vertical,768,max,-2.461088727256495
P,P9,right_hand_vertical,790,min,-2.5503534719855407
P,P9,left_hand_horizontal,12,min,-0.3908894409965984
P,P9,left_hand_horizontal,804,max,-0.3391755999223787
P,P9,right_hand_horizontal,4,max,0.2993021818377349
P,P9,right_hand_horizontal,818,max,0.3611451112849211
P,P9,right_hand_horizontal,902,min,0.3059925941325415
P,P9,head_horizontal,3,min,0.0025465965817541
P,P9,head_horizontal,175,max,0.1022041491684289
P,P9,head_horizontal,218,min,0.0032654244079834
P,P9,head_horizontal,563,max,0.0876021316434483
P,P9,head_horizontal,580,min,0.0052163146469871
P,P9,head_horizontal,752,min,-0.1743181866203191
P,P9,head_horizontal,798,max,0.1136935773908351
P,P9,head_horizontal,826,min,-0.0244539117820817
P,P9,head_vertical,30,max,1.2542882319565312
P,P9,head_vertical,67,min,1.058073253323116
P,P9,head_vertical,171,min,0.9688326070557768
P,P9,head_vertical,251,max,1.181614621564504
P,P9,head_vertical,267,min,1.0227614956696058
P,P9,head_vertical,336,min,0.9408282213116655
P,P9,head_vertical,356,max,1.045692329300424
P,P9,head_vertical,380,min,0.9457908425814442
P,P9,head_vertical,481,max,1.0066483449865014
P,P9,head_vertical,545,max,1.0596075623208363
P,P9,head_vertical,564,min,0.9009727668303208
P,P9,head_vertical,600,min,0.8179639048057957
P,P9,head_vertical,633,max,1.2149798967701977
P,P9,head_vertical,670,min,1.0613851565294536
P,P9,head_vertical,751,min,0.8760711311903097
P,P9,head_vertical,777,max,1.039483392666764
P,P9,head_vertical,797,min,0.8807170884581339
P,P9,head_vertical,835,max,1.2292654417609834
P,P9,head_vertical,863,min,1.0637108415741587
P,P9,head_vertical,907,max,1.117448845424349
SZ,SZ1,left_hand_vertical,17,min,-2.2491511018964783
SZ,SZ1,left_hand_vertical,233,max,-2.1974993996965315
SZ,SZ1,left_hand_vertical,389,max,-2.146143989267021
SZ,SZ1,left_hand_vertical,563,max,-1.9999351360818167
SZ,SZ1,left_hand_vertical,597,max,-0.6014270396213118
SZ,SZ1,left_hand_vertical,614,min,-0.9145049208026242
SZ,SZ1,left_hand_vertical,652,max,-0.6701969834956532
SZ,SZ1,left_hand_vertical,669,max,-0.4795719464407765
SZ,SZ1,left_hand_vertical,682,min,-1.075140355566799
SZ,SZ1,left_hand_vertical,692,min,-1.2480971933053866
SZ,SZ1,left_hand_vertical,754,max,-0.4122723437986289
SZ,SZ1,left_hand_vertical,775,min,-0.6818406009073466
SZ,SZ1,left_hand_vertical,783,max,-0.2996666839465458
SZ,SZ1,left_hand_vertical,801,min,-1.0033245827417192
SZ,SZ1,left_hand_vertical,821,max,-0.672128983127802
SZ,SZ1,left_hand_vertical,836,min,-0.7379364447492363
SZ,SZ1,left_hand_vertical,847,max,-0.4505504318770947
SZ,SZ1,left_hand_vertical,858,min,-0.5558479410987377
SZ,SZ1,left_hand_vertical,866,max,-0.4088874671876198
SZ,SZ1,left_hand_vertical,881,min,-0.8375956150010024
SZ,SZ1,right_hand_vertical,12,min,1.792135496559056
SZ,SZ1,right_hand_vertical,61,max,1.864146212424432
SZ,SZ1,right_hand_vertical,86,min,1.622767807374633
SZ,SZ1,right_hand_vertical,121,max,1.8451874047980728
SZ,SZ1,right_hand_vertical,132,min,0.4825298399807225
SZ,SZ1,right_hand_vertical,140,min,0.2708096959062022
SZ,SZ1,right_hand_vertical,145,max,0.3437567311483798
SZ,SZ1,right_hand_vertical,179,min,0.1236060134043972
SZ,SZ1,right_hand_vertical,333,min,0.0721049630841539
SZ,SZ1,right_hand_vertical,362,min,-0.6881383200957933
SZ,SZ1,right_hand_vertical,399,min,-0.8254257842272145
SZ,SZ1,right_hand_vertical,428,max,-0.7297050471486902
SZ,SZ1,right_hand_vertical,449,min,-0.8512452566437483
SZ,SZ1,right_hand_vertical,542,min,-1.1743068443671885
SZ,SZ1,right_hand_vertical,549,max,-1.0759643733201742
SZ,SZ1,right_hand_vertical,567,min,-1.1769926727792563
SZ,SZ1,right_hand_vertical,574,max,-0.5115643998249018
SZ,SZ1,right_hand_vertical,594,min,-0.7654143745012459
SZ,SZ1,right_hand_vertical,601,max,-0.7110315436880564
SZ,SZ1,right_hand_vertical,612,min,-0.970319682897658
SZ,SZ1,right_hand_vertical,623,max,-0.9190450775839532
SZ,SZ1,right_hand_vertical,650,max,-0.7466960653873208
SZ,SZ1,right_hand_vertical,667,min,-0.8070914229656482
SZ,SZ1,right_hand_vertical,682,min,-1.106997339143538
SZ,SZ1,right_hand_vertical,736,max,-0.7975430217740542
SZ,SZ1,right_hand_vertical,754,min,-0.871016514961667
SZ,SZ1,right_hand_vertical,768,min,-0.92283307743557
SZ,SZ1,right_hand_vertical,788,max,-0.6729603684619798
SZ,SZ1,right_hand_vertical,799,min,-0.9146489046528528
SZ,SZ1,right_hand_vertical,832,min,-0.9689302868703424
SZ,SZ1,right_hand_vertical,853,max,-0.8879116830198895
SZ,SZ1,right_hand_vertical,866,max,-0.7180701700826708
SZ,SZ1,right_hand_vertical,900,min,-1.047921420514201
SZ,SZ1,left_hand_horizontal,3,max,0.147631300486864
SZ,SZ1,left_hand_horizontal,428,max,0.203440604020983
SZ,SZ1,left_hand_horizontal,605,min,-0.9316171950731856
SZ,SZ1,left_hand_horizontal,646,max,-0.7492054908292608
SZ,SZ1,left_hand_horizontal,714,min,-0.8061834866262998
SZ,SZ1,left_hand_horizontal,754,max,-0.7140114332561543
SZ,SZ1,left_hand_horizontal,771,min,-0.7808653778326448
SZ,SZ1,left_hand_horizontal,781,max,-0.5873233653506161
SZ,SZ1,left_hand_horizontal,798,min,-0.8596544366118297
SZ,SZ1,left_hand_horizontal,850,max,-0.8041680926688124
SZ,SZ1,left_hand_horizontal,865,max,-0.725909186010411
SZ,SZ1,left_hand_horizontal,876,min,-0.8512804236460365
SZ,SZ1,right_hand_horizontal,13,max,0.1666298792024213
SZ,SZ1,right_hand_horizontal,123,min,0.0456682930183348
SZ,SZ1,right_hand_horizontal,140,min,-0.1383828007290941
SZ,SZ1,right_hand_horizontal,162,min,-0.2114941046615098
SZ,SZ1,right_hand_horizontal,372,max,0.2188271544491745
SZ,SZ1,right_hand_horizontal,506,max,0.2769674117219347
SZ,SZ1,right_hand_horizontal,561,min,-0.173809299854297
SZ,SZ1,right_hand_horizontal,601,max,0.6990950515106895
SZ,SZ1,right_hand_horizontal,611,min,0.6470001859254941
SZ,SZ1,right_hand_horizontal,681,min,0.5561709742252058
SZ,SZ1,right_hand_horizontal,735,max,0.6549641993561383
SZ,SZ1,right_hand_horizontal,778,min,0.6018338075031126
SZ,SZ1,right_hand_horizontal,797,max,0.6610061900083307
SZ,SZ1,right_hand_horizontal,864,min,0.5740872251228388
SZ,SZ1,head_horizontal,3,max,-0.0069423137530922
SZ,SZ1,head_horizontal,86,min,-0.2027696700147727
SZ,SZ1,head_horizontal,117,max,-0.1467207263716783
SZ,SZ1,head_horizontal,158,max,0.0041766412342199
SZ,SZ1,head_horizontal,185,max,0.0817090429753583
SZ,SZ1,head_horizontal,591,min,-0.0987352246255803
SZ,SZ1,head_horizontal,807,max,0.0217779131657559
SZ,SZ1,head_horizontal,874,max,0.086193346419676
SZ,SZ1,head_vertical,7,min,0.7834081090538625
SZ,SZ1,head_vertical,65,max,0.9062332468072122
SZ,SZ1,head_vertical,78,max,1.0635228376686423
SZ,SZ1,head_vertical,94,min,1.004817637637521
SZ,SZ1,head_vertical,118,min,0.923505568288168
SZ,SZ1,head_vertical,127,max,1.2077383219307385
SZ,SZ1,head_vertical,132,min,1.0206335172389212
SZ,SZ1,head_vertical,154,max,1.154587192776429
SZ,SZ1,head_vertical,197,min,1.0280004767344133
SZ,SZ1,head_vertical,395,max,1.101122812700548
SZ,SZ1,head_vertical,445,min,1.0417375613983515
SZ,SZ1,head_vertical,463,min,0.9782163370198764
SZ,SZ1,head_vertical,536,max,1.0626483512347618
SZ,SZ1,head_vertical,562,max,1.113795508975019
SZ,SZ1,head_vertical,598,min,0.8048883544440683
SZ,SZ1,head_vertical,617,max,0.9492181103356044
SZ,SZ1,head_vertical,715,min,0.86746764826341
SZ,SZ1,head_vertical,726,max,0.9219478006864998
SZ,SZ1,head_vertical,754,min,0.8638939081912376
SZ,SZ1,head_vertical,793,max,0.9477950932944088
SZ,SZ1,head_vertical,809,min,0.8904058388433768
SZ,SZ1,head_vertical,901,min,0.7954988072685778
SZ,SZ10,left_hand_vertical,3,max,-0.118475111994152
SZ,SZ10,left_hand_vertical,84,min,-0.172463370097723
SZ,SZ10,left_hand_vertical,109,max,-0.112672385931684
SZ,SZ10,left_hand_vertical,147,min,-0.1747066579640713
SZ,SZ10,left_hand_vertical,173,min,-2.76069914615271
SZ,SZ10,left_hand_vertical,308,max,0.4520529230633114
SZ,SZ10,left_hand_vertical,339,min,-2.7609274672151005
SZ,SZ10,left_hand_vertical,351,max,-2.6961592675169626
SZ,SZ10,left_hand_vertical,436,min,-2.747919579535956
SZ,SZ10,left_hand_vertical,473,min,-2.820200077831604
SZ,SZ10,left_hand_vertical,524,max,-2.715001923284304
SZ,SZ10,left_hand_vertical,665,min,-2.767833285550372
SZ,SZ10,left_hand_vertical,856,min,-2.8248322938506614
SZ,SZ10,right_hand_vertical,17,min,-2.72267021179925
SZ,SZ10,right_hand_vertical,475,max,-0.1919764082019254
SZ,SZ10,right_hand_vertical,529,min,-2.7329647558342574
SZ,SZ10,right_hand_vertical,557,max,-2.675645432541193
SZ,SZ10,right_hand_vertical,605,min,-2.731638922892444
SZ,SZ10,right_hand_vertical,885,min,-2.7845695616020163
SZ,SZ10,left_hand_horizontal,9,min,-0.4574621777282984
SZ,SZ10,left_hand_horizontal,179,max,0.3402257826877579
SZ,SZ10,left_hand_horizontal,203,min,0.268855950101764
SZ,SZ10,left_hand_horizontal,325,min,-0.1585623762687861
SZ,SZ10,left_hand_horizontal,350,max,0.3753807776426985
SZ,SZ10,left_hand_horizontal,391,min,0.3198236168118515
SZ,SZ10,left_hand_horizontal,526,min,0.2665819552797663
SZ,SZ10,left_hand_horizontal,632,max,0.321345053171258
SZ,SZ10,left_hand_horizontal,853,min,0.1005949189400436
SZ,SZ10,left_hand_horizontal,875,max,0.2311258172272381
SZ,SZ10,left_hand_horizontal,896,max,0.3576329168304255
SZ,SZ10,left_hand_horizontal,905,min,0.2716445093439764
SZ,SZ10,right_hand_horizontal,19,min,-0.1025884107583317
SZ,SZ10,right_hand_horizontal,241,min,-0.1560432225398155
SZ,SZ10,right_hand_horizontal,482,max,0.1831804863425671
SZ,SZ10,right_hand_horizontal,531,min,-0.1624481154289078
SZ,SZ10,right_hand_horizontal,852,min,-0.3265350226629472
SZ,SZ10,right_hand_horizontal,898,max,-0.1204203462409734
SZ,SZ10,head_horizontal,7,min,-0.0248918138865731
SZ,SZ10,head_horizontal,856,max,0.047831833416494
SZ,SZ10,head_horizontal,874,min,-0.0571988652972279
SZ,SZ10,head_horizontal,887,min,-0.116258438496851
SZ,SZ10,head_vertical,1,min,0.7549173750617877
SZ,SZ10,head_vertical,17,min,0.6283160890342948
SZ,SZ10,head_vertical,31,max,0.6869012427962857
SZ,SZ10,head_vertical,286,max,0.7471379222693202
SZ,SZ10,head_vertical,484,min,0.6454379416475163
SZ,SZ10,head_vertical,512,min,0.5681391896371351
SZ,SZ10,head_vertical,526,max,0.7117430085832376
SZ,SZ10,head_vertical,554,max,0.7657374246588134
SZ,SZ10,head_vertical,595,max,0.8370317139852359
SZ,SZ10,head_vertical,847,max,0.8888391609265974
SZ,SZ11,left_hand_vertical,1,max,-2.684510851019156
SZ,SZ11,left_hand_vertical,768,max,0.7081049262484693
SZ,SZ11,left_hand_vertical,858,min,-0.9935535150945868
SZ,SZ11,left_hand_vertical,861,max,-0.919832551904052
SZ,SZ11,left_hand_vertical,870,min,-2.7381018349947444
SZ,SZ11,left_hand_vertical,900,max,-2.6707989216916057
SZ,SZ11,right_hand_vertical,9,max,-2.5443717230758773
SZ,SZ11,right_hand_vertical,756,max,-2.48656081396145
SZ,SZ11,right_hand_vertical,789,max,-2.416188955902837
SZ,SZ11,right_hand_vertical,860,min,-2.507628775481734
SZ,SZ11,right_hand_vertical,883,min,-2.575683812924014
SZ,SZ11,left_hand_horizontal,2,min,0.1460153805827246
SZ,SZ11,left_hand_horizontal,759,max,0.3191717259780816
SZ,SZ11,left_hand_horizontal,773,min,-0.1968642836135473
SZ,SZ11,left_hand_horizontal,858,max,0.1633362960905782
SZ,SZ11,left_hand_horizontal,865,max,0.3084749667549203
SZ,SZ11,left_hand_horizontal,875,min,0.0487093273730937
SZ,SZ11,right_hand_horizontal,10,min,-0.2486847524902189
SZ,SZ11,right_hand_horizontal,769,min,-0.4186271984588193
SZ,SZ11,right_hand_horizontal,825,max,-0.3496143872920371
SZ,SZ11,right_hand_horizontal,867,max,-0.2887151799136556
SZ,SZ11,head_horizontal,3,max,-0.0480482934537805
SZ,SZ11,head_horizontal,768,max,0.0398532286686365
SZ,SZ11,head_horizontal,860,min,-0.0734884488225603
SZ,SZ11,head_horizontal,896,max,-0.0091049082696381
SZ,SZ11,head_vertical,31,max,1.0107507050488012
SZ,SZ11,head_vertical,774,min,0.7991715030246331
SZ,SZ11,head_vertical,801,max,0.8818685401479994
SZ,SZ11,head_vertical,878,max,1.136032524934981
SZ,SZ12,left_hand_vertical,12,min,-2.502692694453
SZ,SZ12,right_hand_vertical,10,min,-2.57308107652592
SZ,SZ12,right_hand_vertical,138,max,-2.5179905475314768
SZ,SZ12,left_hand_horizontal,6,min,0.0588145374410811
SZ,SZ12,left_hand_horizontal,74,max,0.1232580548958116
SZ,SZ12,left_hand_horizontal,118,min,0.0524041525750998
SZ,SZ12,right_hand_horizontal,2,max,-0.1663010124015014
SZ,SZ12,right_hand_horizontal,78,max,-0.1105007180614943
SZ,SZ12,right_hand_horizontal,95,min,-0.1641455800577736
SZ,SZ12,head_horizontal,15,max,0.0283174899281659
SZ,SZ12,head_vertical,6,min,1.085417382978009
SZ,SZ12,head_vertical,90,min,1.0281569063808758
SZ,SZ12,head_vertical,102,max,1.1048242972559383
SZ,SZ12,head_vertical,129,min,1.0476511692589778
SZ,SZ12,head_vertical,167,max,1.1104249198861784
SZ,SZ12,head_vertical,296,min,1.0527451409056432
SZ,SZ12,head_vertical,500,max,1.1045457238719782
SZ,SZ12,head_vertical,583,min,1.0411323265215655
SZ,SZ12,head_vertical,690,max,1.1087331129771911
SZ,SZ12,head_vertical,851,min,1.0294984722404508
SZ,SZ13,left_hand_vertical,1,min,-0.746375648390252
SZ,SZ13,left_hand_vertical,8,max,-0.693705081450368
SZ,SZ13,left_hand_vertical,44,min,-2.743814233922128
SZ,SZ13,left_hand_vertical,67,max,-2.2420628689607844
SZ,SZ13,left_hand_vertical,109,min,-2.6239238187648404
SZ,SZ13,left_hand_vertical,135,min,-2.6857151965117056
SZ,SZ13,left_hand_vertical,188,min,-2.743599923818038
SZ,SZ13,left_hand_vertical,238,max,-1.2118471988629518
SZ,SZ13,left_hand_vertical,247,min,-1.5278600164221945
SZ,SZ13,left_hand_vertical,254,min,-1.6552990210872345
SZ,SZ13,left_hand_vertical,287,max,-1.578981760536008
SZ,SZ13,left_hand_vertical,387,max,-1.5118202772965248
SZ,SZ13,left_hand_vertical,427,max,-1.2860474808275064
SZ,SZ13,left_hand_vertical,486,max,-1.1353639031124705
SZ,SZ13,left_hand_vertical,530,min,-1.192291238578458
SZ,SZ13,left_hand_vertical,661,min,-1.262707982198732
SZ,SZ13,left_hand_vertical,688,min,-1.4264282102381605
SZ,SZ13,left_hand_vertical,698,max,-1.373566323323996
SZ,SZ13,left_hand_vertical,740,max,-1.2349980046610056
SZ,SZ13,left_hand_vertical,790,min,-1.3087830096925015
SZ,SZ13,left_hand_vertical,847,min,-1.381231976301665
SZ,SZ13,right_hand_vertical,15,min,-0.7926003715982579
SZ,SZ13,right_hand_vertical,46,min,-2.612137831639704
SZ,SZ13,right_hand_vertical,64,max,-2.2845477489196333
SZ,SZ13,right_hand_vertical,89,min,-2.391446443696569
SZ,SZ13,right_hand_vertical,159,min,-2.726363463768499
SZ,SZ13,right_hand_vertical,241,max,-1.5289048912273762
SZ,SZ13,right_hand_vertical,252,min,-1.708043046467655
SZ,SZ13,right_hand_vertical,275,min,-1.7698486359808234
SZ,SZ13,right_hand_vertical,288,max,-1.7113798905064803
SZ,SZ13,right_hand_vertical,313,min,-1.7863000944423228
SZ,SZ13,right_hand_vertical,331,max,-1.7100587840378816
SZ,SZ13,right_hand_vertical,339,max,-1.639349295909489
SZ,SZ13,right_hand_vertical,362,min,-1.7054869069324057
SZ,SZ13,right_hand_vertical,385,max,-1.5921738866966368
SZ,SZ13,right_hand_vertical,401,max,-1.5036413145385452
SZ,SZ13,right_hand_vertical,442,max,-1.313674094384911
SZ,SZ13,right_hand_vertical,545,max,-1.206125653417513
SZ,SZ13,right_hand_vertical,578,min,-1.2653616754720542
SZ,SZ13,right_hand_vertical,625,min,-1.4444649342962936
SZ,SZ13,right_hand_vertical,647,min,-1.5370281581365282
SZ,SZ13,right_hand_vertical,707,min,-1.589746582834645
SZ,SZ13,right_hand_vertical,715,max,-1.5373968331530394
SZ,SZ13,right_hand_vertical,743,max,-1.4696818792723847
SZ,SZ13,right_hand_vertical,835,min,-1.5248080158225454
SZ,SZ13,left_hand_horizontal,3,min,-0.2208229455659464
SZ,SZ13,left_hand_horizontal,46,max,0.3075642372145872
SZ,SZ13,left_hand_horizontal,56,min,0.1822414520105892
SZ,SZ13,left_hand_horizontal,124,min,-0.0363707246924266
SZ,SZ13,left_hand_horizontal,224,max,0.1773849752529356
SZ,SZ13,left_hand_horizontal,240,min,-0.4738642724438202
SZ,SZ13,left_hand_horizontal,259,max,-0.4081956994820651
SZ,SZ13,left_hand_horizontal,388,max,-0.3491695807430001
SZ,SZ13,left_hand_horizontal,510,max,-0.2551065853753639
SZ,SZ13,left_hand_horizontal,608,max,-0.197673597072416
SZ,SZ13,left_hand_horizontal,677,min,-0.5255800567414799
SZ,SZ13,left_hand_horizontal,708,max,-0.4449372756671623
SZ,SZ13,left_hand_horizontal,816,max,-0.3848198837007911
SZ,SZ13,right_hand_horizontal,7,max,0.0957423735811258
SZ,SZ13,right_hand_horizontal,50,min,-0.1961253363107758
SZ,SZ13,right_hand_horizontal,83,max,-0.1355625238260205
SZ,SZ13,right_hand_horizontal,116,min,-0.1872767133503943
SZ,SZ13,right_hand_horizontal,164,max,-0.0525205929022415
SZ,SZ13,right_hand_horizontal,224,min,-0.2168416262147614
SZ,SZ13,right_hand_horizontal,242,max,0.1854400776240126
SZ,SZ13,right_hand_horizontal,320,min,0.1195766463905932
SZ,SZ13,right_hand_horizontal,442,min,0.067373616528821
SZ,SZ13,right_hand_horizontal,450,max,0.1255946395363968
SZ,SZ13,right_hand_horizontal,593,min,0.0689454467530263
SZ,SZ13,right_hand_horizontal,641,min,0.0122821874597747
SZ,SZ13,right_hand_horizontal,654,max,0.1074649669443307
SZ,SZ13,right_hand_horizontal,699,max,0.2156909339693976
SZ,SZ13,right_hand_horizontal,719,min,0.1079384805284995
SZ,SZ13,right_hand_horizontal,749,max,0.1940569715605845
SZ,SZ13,right_hand_horizontal,887,min,0.138861229420303
SZ,SZ13,head_horizontal,1,min,-0.023598514528301
SZ,SZ13,head_horizontal,189,min,-0.0758203806603257
SZ,SZ13,head_horizontal,245,max,-0.0165173791433994
SZ,SZ13,head_vertical,13,min,0.7556077091936897
SZ,SZ13,head_vertical,28,max,0.8080529194311029
SZ,SZ13,head_vertical,50,max,1.007851923517817
SZ,SZ13,head_vertical,82,min,0.7839261540267477
SZ,SZ13,head_vertical,96,max,0.9993509929623176
SZ,SZ13,head_vertical,117,min,0.767598912490637
SZ,SZ13,head_vertical,137,max,0.8399895620328429
SZ,SZ13,head_vertical,171,max,0.9005348116958306
SZ,SZ13,head_vertical,208,min,0.810380840644634
SZ,SZ13,head_vertical,226,max,0.9333700443750008
SZ,SZ13,head_vertical,233,max,1.0132107149234992
SZ,SZ13,head_vertical,240,min,0.9461783109749689
SZ,SZ13,head_vertical,252,max,1.0610967471572674
SZ,SZ13,head_vertical,258,min,0.9969530512128776
SZ,SZ13,head_vertical,276,max,1.0722743335206075
SZ,SZ13,head_vertical,301,min,0.9672844614936263
SZ,SZ13,head_vertical,365,min,0.9082478506022668
SZ,SZ13,head_vertical,399,max,0.9618050964238292
SZ,SZ13,head_vertical,420,min,0.8974066489901442
SZ,SZ13,head_vertical,632,max,0.963003099768896
SZ,SZ13,head_vertical,697,max,1.0144542341478897
SZ,SZ13,head_vertical,720,min,0.94479698217629
SZ,SZ13,head_vertical,796,max,1.025871479045793
SZ,SZ13,head_vertical,821,min,0.95175745416992
SZ,SZ14,left_hand_vertical,1,min,-1.8633202854023705
SZ,SZ14,right_hand_vertical,9,min,-2.339198479765356
SZ,SZ14,right_hand_vertical,263,min,-2.394280132588995
SZ,SZ14,right_hand_vertical,866,max,-2.3254930474635933
SZ,SZ14,right_hand_vertical,904,min,-2.387211900021036
SZ,SZ14,left_hand_horizontal,20,min,0.1254861520002172
SZ,SZ14,right_hand_horizontal,46,min,-0.3632116280417325
SZ,SZ14,right_hand_horizontal,347,max,-0.3072831385522431
SZ,SZ14,right_hand_horizontal,868,min,-0.3585410123381073
SZ,SZ14,head_horizontal,15,min,-0.0405977804865133
SZ,SZ14,head_horizontal,752,max,0.024777279088425
SZ,SZ14,head_vertical,2,min,0.8653035203426571
SZ,SZ14,head_vertical,261,min,0.8116431730165945
SZ,SZ14,head_vertical,423,min,0.7521508878455179
SZ,SZ14,head_vertical,449,max,0.8213665319727559
SZ,SZ14,head_vertical,824,max,1.0016144442748809
SZ,SZ14,head_vertical,840,min,0.9256783399587608
SZ,SZ14,head_vertical,890,max,0.9869551538105756
SZ,SZ15,left_hand_vertical,10,max,-2.192580358402988
SZ,SZ15,left_hand_vertical,64,min,-2.2559613165818093
SZ,SZ15,left_hand_vertical,435,max,-2.1768006802398285
SZ,SZ15,left_hand_vertical,453,min,-2.256790295982223
SZ,SZ15,left_hand_vertical,500,min,-2.6132057663125243
SZ,SZ15,left_hand_vertical,506,max,-2.560841121787184
SZ,SZ15,left_hand_vertical,841,max,-2.416749816801201
SZ,SZ15,left_hand_vertical,849,min,-2.594946129822674
SZ,SZ15,left_hand_vertical,862,max,-1.7278359909902197
SZ,SZ15,left_hand_vertical,873,min,-1.8398151876169504
SZ,SZ15,right_hand_vertical,24,max,-2.277390333073794
SZ,SZ15,right_hand_vertical,239,min,-2.334148932343077
SZ,SZ15,right_hand_vertical,474,max,-2.274157461650878
SZ,SZ15,right_hand_vertical,502,min,-2.5912227811382884
SZ,SZ15,right_hand_vertical,718,max,-2.477808068656949
SZ,SZ15,right_hand_vertical,842,max,-2.3685833796635825
SZ,SZ15,right_hand_vertical,849,min,-2.605835235294085
SZ,SZ15,right_hand_vertical,862,max,-1.804433925174375
SZ,SZ15,right_hand_vertical,869,min,-1.884335805193993
SZ,SZ15,right_hand_vertical,888,max,-1.67197784287799
SZ,SZ15,left_hand_horizontal,2,min,-0.2714085638454406
SZ,SZ15,left_hand_horizontal,490,max,0.2376493041923408
SZ,SZ15,left_hand_horizontal,515,min,0.1656794945566663
SZ,SZ15,left_hand_horizontal,835,max,0.3377015174166557
SZ,SZ15,left_hand_horizontal,847,min,0.2496713131141656
SZ,SZ15,left_hand_horizontal,863,min,-0.2669667264551687
SZ,SZ15,right_hand_horizontal,10,min,0.2776386459784766
SZ,SZ15,right_hand_horizontal,432,min,0.2264116190646137
SZ,SZ15,right_hand_horizontal,470,max,0.3304710427758311
SZ,SZ15,right_hand_horizontal,501,min,-0.3211625298325579
SZ,SZ15,right_hand_horizontal,520,max,-0.2642307885829986
SZ,SZ15,right_hand_horizontal,545,max,-0.2100569164536772
SZ,SZ15,right_hand_horizontal,563,min,-0.2645897402142259
SZ,SZ15,right_hand_horizontal,746,min,-0.3488472042883458
SZ,SZ15,right_hand_horizontal,843,max,-0.2945646075785486
SZ,SZ15,right_hand_horizontal,864,max,0.3049341094246731
SZ,SZ15,head_horizontal,2,min,0.0571388168575864
SZ,SZ15,head_horizontal,502,min,-0.002704589032475
SZ,SZ15,head_horizontal,539,max,0.0504129108337534
SZ,SZ15,head_vertical,11,max,1.053984774691905
SZ,SZ15,head_vertical,463,max,1.1065526356325652
SZ,SZ15,head_vertical,556,min,1.053892745506777
SZ,SZ15,head_vertical,736,min,0.9776969547937452
SZ,SZ15,head_vertical,835,max,1.0582964829949484
SZ,SZ15,head_vertical,873,max,1.1130307586347965
SZ,SZ15,head_vertical,890,min,1.0558065673956
SZ,SZ16,left_hand_vertical,23,max,-2.790774997971948
SZ,SZ16,left_hand_vertical,154,max,-2.694937414230611
SZ,SZ16,left_hand_vertical,165,min,-2.749688235850723
SZ,SZ16,left_hand_vertical,178,max,-2.6126139617150663
SZ,SZ16,left_hand_vertical,189,min,-2.783181695280648
SZ,SZ16,left_hand_vertical,261,max,-2.7267124815102504
SZ,SZ16,left_hand_vertical,363,max,0.1155284338198755
SZ,SZ16,left_hand_vertical,383,min,-0.0901409159980032
SZ,SZ16,left_hand_vertical,421,min,-0.1514958988258503
SZ,SZ16,left_hand_vertical,533,min,-1.9892796509926232
SZ,SZ16,left_hand_vertical,544,max,-1.440111294974131
SZ,SZ16,left_hand_vertical,571,min,-1.6982026358385696
SZ,SZ16,left_hand_vertical,753,max,-1.6316053723697486
SZ,SZ16,right_hand_vertical,17,max,-2.6783477085318146
SZ,SZ16,right_hand_vertical,172,min,-2.843783813997962
SZ,SZ16,right_hand_vertical,205,max,-2.7269826713546035
SZ,SZ16,right_hand_vertical,292,max,-2.67214798958017
SZ,SZ16,right_hand_vertical,355,max,-2.375853034988874
SZ,SZ16,right_hand_vertical,401,min,-2.633951347969614
SZ,SZ16,right_hand_vertical,535,max,-2.569053396341088
SZ,SZ16,right_hand_vertical,559,min,-2.65425303523103
SZ,SZ16,right_hand_vertical,599,min,-2.716234259661082
SZ,SZ16,right_hand_vertical,607,max,-2.660973894704202
SZ,SZ16,right_hand_vertical,634,min,-2.7205599176432838
SZ,SZ16,left_hand_horizontal,1,max,0.093186877118085
SZ,SZ16,left_hand_horizontal,170,min,-0.0647094832839507
SZ,SZ16,left_hand_horizontal,181,max,0.0021364185870875
SZ,SZ16,left_hand_horizontal,228,max,0.0857505585151429
SZ,SZ16,left_hand_horizontal,347,max,0.2342698857299101
SZ,SZ16,left_hand_horizontal,381,min,-0.1325727458732332
SZ,SZ16,left_hand_horizontal,463,min,-0.2146830405625524
SZ,SZ16,left_hand_horizontal,533,max,0.1749336689824937
SZ,SZ16,left_hand_horizontal,550,min,0.0724233397912658
SZ,SZ16,left_hand_horizontal,592,max,0.2234891878685886
SZ,SZ16,left_hand_horizontal,626,min,0.0007630252360761
SZ,SZ16,right_hand_horizontal,2,max,-0.2332584141965545
SZ,SZ16,right_hand_horizontal,173,min,-0.2991650353653247
SZ,SZ16,right_hand_horizontal,210,max,-0.2403736453927997
SZ,SZ16,right_hand_horizontal,365,min,-0.5023695573005571
SZ,SZ16,right_hand_horizontal,389,max,-0.3796872659823097
SZ,SZ16,right_hand_horizontal,575,max,-0.3060032064488551
SZ,SZ16,right_hand_horizontal,608,min,-0.4544466386050414
SZ,SZ16,right_hand_horizontal,680,max,-0.3859848359287479
SZ,SZ16,head_horizontal,5,min,-0.0974444222747726
SZ,SZ16,head_horizontal,138,max,0.0421015496763546
SZ,SZ16,head_horizontal,168,max,0.1161664427194662
SZ,SZ16,head_horizontal,198,min,0.0148359915246851
SZ,SZ16,head_horizontal,299,min,-0.1539850571753363
SZ,SZ16,head_horizontal,327,max,-0.0583513891454733
SZ,SZ16,head_horizontal,362,max,0.0974906784803223
SZ,SZ16,head_horizontal,389,min,-7.936844293051815e-05
SZ,SZ16,head_horizontal,519,max,0.0551699633515087
SZ,SZ16,head_horizontal,537,min,-0.060313979139329
SZ,SZ16,head_horizontal,627,max,0.0303430270149369
SZ,SZ16,head_vertical,6,max,1.0383424817159976
SZ,SZ16,head_vertical,110,min,0.7898552089463458
SZ,SZ16,head_vertical,180,max,0.980590957489268
SZ,SZ16,head_vertical,200,max,1.0363634785383171
SZ,SZ16,head_vertical,345,min,0.9294678044826126
SZ,SZ16,head_vertical,354,min,0.8702161328696285
SZ,SZ16,head_vertical,386,min,0.6716095954023302
SZ,SZ16,head_vertical,500,min,0.5873663942637406
SZ,SZ16,head_vertical,534,max,0.8590777086309305
SZ,SZ16,head_vertical,579,max,0.9456467480904174
SZ,SZ16,head_vertical,731,max,0.9996636050452268
SZ,SZ16,head_vertical,807,min,0.937854705875857
SZ,SZ17,left_hand_vertical,11,min,-1.8620322454536848
SZ,SZ17,left_hand_vertical,388,min,-1.930746495429056
SZ,SZ17,left_hand_vertical,573,max,-1.8655094437338415
SZ,SZ17,left_hand_vertical,599,min,-2.770888738659222
SZ,SZ17,left_hand_vertical,610,max,-2.617892710908533
SZ,SZ17,left_hand_vertical,678,min,-2.685610220219729
SZ,SZ17,right_hand_vertical,7,max,-1.8396860269182869
SZ,SZ17,right_hand_vertical,108,min,-1.904251018483987
SZ,SZ17,right_hand_vertical,581,max,-1.8218101160645908
SZ,SZ17,right_hand_vertical,592,min,-2.449132074163452
SZ,SZ17,right_hand_vertical,614,max,-2.387822159461683
SZ,SZ17,right_hand_vertical,625,min,-2.502059757664058
SZ,SZ17,right_hand_vertical,662,min,-2.554953142935269
SZ,SZ17,right_hand_vertical,761,max,-2.4873855139482632
SZ,SZ17,left_hand_horizontal,7,max,0.1660486412145845
SZ,SZ17,left_hand_horizontal,66,max,0.2602565678354997
SZ,SZ17,left_hand_horizontal,581,min,0.1833293018668518
SZ,SZ17,left_hand_horizontal,595,max,0.4874227643402205
SZ,SZ17,left_hand_horizontal,607,min,0.0850304648838055
SZ,SZ17,left_hand_horizontal,622,max,0.4334605893930625
SZ,SZ17,left_hand_horizontal,635,min,0.2076277325205158
SZ,SZ17,left_hand_horizontal,652,max,0.3457286216482775
SZ,SZ17,left_hand_horizontal,666,min,0.274231193937648
SZ,SZ17,right_hand_horizontal,7,min,-0.2346124913685603
SZ,SZ17,right_hand_horizontal,70,max,-0.1404902286299593
SZ,SZ17,right_hand_horizontal,573,min,-0.2357877825368907
SZ,SZ17,right_hand_horizontal,591,min,-0.5182216051326359
SZ,SZ17,right_hand_horizontal,600,max,-0.415465542144494
SZ,SZ17,right_hand_horizontal,664,max,-0.3346456448193486
SZ,SZ17,right_hand_horizontal,760,min,-0.3861256999551379
SZ,SZ17,head_horizontal,8,min,-0.2210691392571787
SZ,SZ17,head_horizontal,34,max,-0.1470628531195179
SZ,SZ17,head_horizontal,72,min,-0.219376710961032
SZ,SZ17,head_horizontal,84,max,-0.1368643162038904
SZ,SZ17,head_horizontal,196,max,-0.0747649764208062
SZ,SZ17,head_horizontal,589,max,0.0894717951875756
SZ,SZ17,head_horizontal,622,min,-0.0706088327980361
SZ,SZ17,head_horizontal,775,max,-0.0131686736396066
SZ,SZ17,head_horizontal,796,min,-0.0875391938441751
SZ,SZ17,head_vertical,3,max,0.9578736685148556
SZ,SZ17,head_vertical,24,min,0.8954421097807422
SZ,SZ17,head_vertical,40,min,0.8399694499159883
SZ,SZ17,head_vertical,77,max,1.1516104156136766
SZ,SZ17,head_vertical,97,min,0.8561621451515095
SZ,SZ17,head_vertical,229,max,0.9098201478004556
SZ,SZ17,head_vertical,353,min,0.7859950760787442
SZ,SZ17,head_vertical,363,max,0.8482107548637212
SZ,SZ17,head_vertical,454,min,0.7848887515068882
SZ,SZ17,head_vertical,472,max,0.8717306348202593
SZ,SZ17,head_vertical,589,max,1.097525939349886
SZ,SZ17,head_vertical,601,max,1.1873314814886418
SZ,SZ17,head_vertical,623,min,0.9386286454450576
SZ,SZ17,head_vertical,637,max,1.1041390332586327
SZ,SZ17,head_vertical,652,min,1.0339481323739257
SZ,SZ17,head_vertical,788,min,0.9811646582642876
SZ,SZ17,head_vertical,898,max,1.090373198724492
SZ,SZ18,left_hand_vertical,12,min,-2.672036191789464
SZ,SZ18,left_hand_vertical,509,max,-2.618765577965924
SZ,SZ18,right_hand_vertical,11,min,-2.569446331342093
SZ,SZ18,right_hand_vertical,278,min,-2.6294953697399084
SZ,SZ18,right_hand_vertical,404,max,-2.5774623169620337
SZ,SZ18,right_hand_vertical,436,min,-2.63380647507945
SZ,SZ18,left_hand_horizontal,4,min,0.1321096515438566
SZ,SZ18,left_hand_horizontal,65,max,0.1948960442988398
SZ,SZ18,left_hand_horizontal,242,min,0.1426104769948849
SZ,SZ18,left_hand_horizontal,442,max,0.2001088581432194
SZ,SZ18,left_hand_horizontal,496,min,0.1420929836712708
SZ,SZ18,left_hand_horizontal,514,max,0.2160367465959819
SZ,SZ18,left_hand_horizontal,544,min,0.1630453249484621
SZ,SZ18,right_hand_horizontal,7,min,-0.2785840274690302
SZ,SZ18,right_hand_horizontal,69,max,-0.1934516909447824
SZ,SZ18,right_hand_horizontal,185,min,-0.2589080157782144
SZ,SZ18,right_hand_horizontal,297,max,-0.2053705091966884
SZ,SZ18,head_horizontal,42,min,-0.0078311255821263
SZ,SZ18,head_horizontal,185,max,0.0610720993152497
SZ,SZ18,head_horizontal,288,min,-0.0050995973784027
SZ,SZ18,head_vertical,7,min,0.8430326201887405
SZ,SZ18,head_vertical,145,max,0.9221645482966576
SZ,SZ18,head_vertical,593,max,0.9802558728857634
SZ,SZ18,head_vertical,799,min,0.9187804999812358
SZ,SZ19,left_hand_vertical,6,min,-2.3869348672931965
SZ,SZ19,left_hand_vertical,24,max,-2.2919847586022395
SZ,SZ19,left_hand_vertical,45,min,-2.619000501745848
SZ,SZ19,left_hand_vertical,240,max,-2.347364467149525
SZ,SZ19,left_hand_vertical,328,max,-1.602086012671197
SZ,SZ19,left_hand_vertical,367,min,-1.7844186110490878
SZ,SZ19,left_hand_vertical,625,min,-1.838061078944537
SZ,SZ19,left_hand_vertical,686,min,-1.891067826652256
SZ,SZ19,left_hand_vertical,757,max,-1.8370935781095976
SZ,SZ19,left_hand_vertical,777,min,-1.967625853906957
SZ,SZ19,left_hand_vertical,812,min,-2.5251664018778834
SZ,SZ19,left_hand_vertical,877,min,-2.5951774830463137
SZ,SZ19,right_hand_vertical,7,max,-2.122364230959185
SZ,SZ19,right_hand_vertical,58,min,-2.4434709859792685
SZ,SZ19,right_hand_vertical,96,max,-1.682911923168037
SZ,SZ19,right_hand_vertical,142,min,-2.447802391133128
SZ,SZ19,right_hand_vertical,232,max,-2.1430554381269795
SZ,SZ19,right_hand_vertical,270,max,-1.994965984400276
SZ,SZ19,right_hand_vertical,331,max,-1.3955048609332446
SZ,SZ19,right_hand_vertical,368,min,-1.4839302060203463
SZ,SZ19,right_hand_vertical,642,min,-1.548981404593179
SZ,SZ19,right_hand_vertical,801,min,-1.863442624645447
SZ,SZ19,right_hand_vertical,840,max,-0.2039804073810129
SZ,SZ19,right_hand_vertical,867,min,-2.520308471037974
SZ,SZ19,left_hand_horizontal,1,max,0.1107436790856588
SZ,SZ19,left_hand_horizontal,31,max,0.262010552906621
SZ,SZ19,left_hand_horizontal,95,max,0.3168108210689937
SZ,SZ19,left_hand_horizontal,246,min,0.1191429721925876
SZ,SZ19,left_hand_horizontal,286,max,0.257438281294778
SZ,SZ19,left_hand_horizontal,450,min,0.2020369833949067
SZ,SZ19,left_hand_horizontal,811,max,0.4686448811870039
SZ,SZ19,left_hand_horizontal,865,min,0.2991633380074833
SZ,SZ19,right_hand_horizontal,9,max,-0.2231372185664757
SZ,SZ19,right_hand_horizontal,37,min,-0.382845801604027
SZ,SZ19,right_hand_horizontal,63,max,-0.2845260640311804
SZ,SZ19,right_hand_horizontal,89,min,-0.4721137363579585
SZ,SZ19,right_hand_horizontal,110,max,-0.2014392289318191
SZ,SZ19,right_hand_horizontal,131,min,-0.300823372076449
SZ,SZ19,right_hand_horizontal,241,max,-0.1258289285445002
SZ,SZ19,right_hand_horizontal,278,min,-0.2072498237601117
SZ,SZ19,right_hand_horizontal,621,max,-0.1459829011976913
SZ,SZ19,right_hand_horizontal,788,min,-0.2169535144921847
SZ,SZ19,right_hand_horizontal,841,max,-0.157284677378222
SZ,SZ19,right_hand_horizontal,867,min,-0.3960599092804073
SZ,SZ19,head_horizontal,13,max,0.0551466174416808
SZ,SZ19,head_horizontal,495,min,0.0038401022058838
SZ,SZ19,head_horizontal,786,max,0.0855194437126111
SZ,SZ19,head_vertical,2,min,0.7720323650043739
SZ,SZ19,head_vertical,307,min,0.6998552289488597
SZ,SZ19,head_vertical,481,min,0.6138445974421023
SZ,SZ19,head_vertical,579,max,0.7202746440857271
SZ,SZ19,head_vertical,651,min,0.4421732657406523
SZ,SZ19,head_vertical,692,max,0.6934570705326984
SZ,SZ19,head_vertical,722,min,0.6382920275222734
SZ,SZ19,head_vertical,825,max,0.7448068519141291
SZ,SZ19,head_vertical,848,min,0.6030922996706112
SZ,SZ19,head_vertical,881,max,0.667547156365886
SZ,SZ2,left_hand_vertical,14,max,-1.187437305057376
SZ,SZ2,left_hand_vertical,38,max,-0.9481364771009524
SZ,SZ2,left_hand_vertical,72,min,-1.8530697206712865
SZ,SZ2,left_hand_vertical,88,max,-1.4223746058706557
SZ,SZ2,left_hand_vertical,102,min,-2.2397091153503195
SZ,SZ2,left_hand_vertical,122,max,-2.014175147163266
SZ,SZ2,left_hand_vertical,223,min,-2.0973354836195544
SZ,SZ2,left_hand_vertical,369,max,-1.9697891723968044
SZ,SZ2,left_hand_vertical,375,min,-2.029299662839979
SZ,SZ2,left_hand_vertical,591,min,-2.629445952183872
SZ,SZ2,left_hand_vertical,619,max,-2.537515980588633
SZ,SZ2,left_hand_vertical,655,max,-2.443538611422582
SZ,SZ2,left_hand_vertical,685,max,-2.2408082086844283
SZ,SZ2,left_hand_vertical,704,max,-2.1768132319450904
SZ,SZ2,left_hand_vertical,730,max,-2.0510558415378792
SZ,SZ2,left_hand_vertical,755,min,-2.151333583585597
SZ,SZ2,right_hand_vertical,1,min,-1.1668352031344809
SZ,SZ2,right_hand_vertical,7,max,-1.040539879249559
SZ,SZ2,right_hand_vertical,24,min,-1.38836397104551
SZ,SZ2,right_hand_vertical,69,max,-1.1300224037496576
SZ,SZ2,right_hand_vertical,79,min,-1.5952543783018849
SZ,SZ2,right_hand_vertical,88,max,-1.5259576891298412
SZ,SZ2,right_hand_vertical,102,min,-2.155550285663883
SZ,SZ2,right_hand_vertical,154,max,-2.0943811031599315
SZ,SZ2,right_hand_vertical,323,min,-2.155753926635565
SZ,SZ2,right_hand_vertical,371,max,-1.9596449083248064
SZ,SZ2,right_hand_vertical,418,min,-2.016697720042298
SZ,SZ2,right_hand_vertical,592,min,-2.4015577165443136
SZ,SZ2,right_hand_vertical,710,max,-2.347489891378569
SZ,SZ2,left_hand_horizontal,2,max,-0.5843232066360812
SZ,SZ2,left_hand_horizontal,9,min,-0.6604361166631189
SZ,SZ2,left_hand_horizontal,43,max,-0.4526175121603912
SZ,SZ2,left_hand_horizontal,63,min,-0.5906649664911715
SZ,SZ2,left_hand_horizontal,75,max,-0.1051545703899799
SZ,SZ2,left_hand_horizontal,83,min,-0.3044957353952567
SZ,SZ2,left_hand_horizontal,105,max,0.1807183697808893
SZ,SZ2,left_hand_horizontal,113,min,0.0408331295093649
SZ,SZ2,left_hand_horizontal,321,max,0.111357192197765
SZ,SZ2,left_hand_horizontal,341,min,0.0418878574820551
SZ,SZ2,left_hand_horizontal,588,max,0.3882514434163582
SZ,SZ2,left_hand_horizontal,598,min,0.1331219722531414
SZ,SZ2,left_hand_horizontal,612,max,0.2452509607047127
SZ,SZ2,left_hand_horizontal,652,min,0.1789400512695354
SZ,SZ2,left_hand_horizontal,669,max,0.2593939687972765
SZ,SZ2,left_hand_horizontal,695,min,0.0854608944859324
SZ,SZ2,left_hand_horizontal,775,min,0.0319957726414772
SZ,SZ2,right_hand_horizontal,28,max,0.8897959485897081
SZ,SZ2,right_hand_horizontal,65,min,0.6583514275917752
SZ,SZ2,right_hand_horizontal,75,min,0.158713479906787
SZ,SZ2,right_hand_horizontal,92,max,0.290544892015227
SZ,SZ2,right_hand_horizontal,106,min,-0.1965423270746421
SZ,SZ2,right_hand_horizontal,128,max,-0.1385268334570289
SZ,SZ2,right_hand_horizontal,321,min,-0.218390282401955
SZ,SZ2,right_hand_horizontal,361,max,-0.1054361063049823
SZ,SZ2,right_hand_horizontal,589,min,-0.4094906723898034
SZ,SZ2,right_hand_horizontal,604,max,-0.2846411520776712
SZ,SZ2,head_horizontal,10,min,-0.0022356279084736
SZ,SZ2,head_horizontal,28,min,-0.0722754075421046
SZ,SZ2,head_horizontal,105,max,0.0131665391585106
SZ,SZ2,head_vertical,1,min,1.1034505413278055
SZ,SZ2,head_vertical,44,min,0.9958017722529964
SZ,SZ2,head_vertical,83,max,1.119290781948577
SZ,SZ2,head_vertical,121,max,1.2235483113973424
SZ,SZ2,head_vertical,159,min,1.1604485592242275
SZ,SZ2,head_vertical,219,max,1.253213925123015
SZ,SZ2,head_vertical,266,min,1.1744668312270006
SZ,SZ2,head_vertical,617,max,1.2355674265657477
SZ,SZ2,head_vertical,672,min,1.1803206680206415
SZ,SZ20,left_hand_vertical,8,max,-2.863458457372049
SZ,SZ20,left_hand_vertical,101,max,0.5863299328760839
SZ,SZ20,left_hand_vertical,120,max,0.7365086207876208
SZ,SZ20,left_hand_vertical,146,min,-1.0677678619666058
SZ,SZ20,left_hand_vertical,157,min,-1.5306084577120982
SZ,SZ20,left_hand_vertical,165,min,-1.6864170068448807
SZ,SZ20,left_hand_vertical,175,min,-1.7530696143487812
SZ,SZ20,left_hand_vertical,232,max,-1.693758132866967
SZ,SZ20,left_hand_vertical,237,min,-1.752359165576318
SZ,SZ20,left_hand_vertical,282,max,-1.6912952217837949
SZ,SZ20,left_hand_vertical,293,max,-1.6388189890209717
SZ,SZ20,left_hand_vertical,303,max,-1.586078076630239
SZ,SZ20,left_hand_vertical,337,max,-1.5000169148696996
SZ,SZ20,left_hand_vertical,348,min,-1.558586452514735
SZ,SZ20,left_hand_vertical,408,min,-1.6131576137496766
SZ,SZ20,left_hand_vertical,438,max,-1.5192789804387743
SZ,SZ20,left_hand_vertical,454,min,-1.5808904834649904
SZ,SZ20,left_hand_vertical,513,min,-1.6712284046524746
SZ,SZ20,left_hand_vertical,518,max,-1.5892224820872458
SZ,SZ20,left_hand_vertical,524,min,-1.7739325332735505
SZ,SZ20,left_hand_vertical,535,max,-0.8367699531858931
SZ,SZ20,left_hand_vertical,550,min,-0.9975884832031172
SZ,SZ20,left_hand_vertical,564,max,-0.8705995644608907
SZ,SZ20,left_hand_vertical,575,min,-1.0201628535411975
SZ,SZ20,left_hand_vertical,587,max,-0.9385189142765972
SZ,SZ20,left_hand_vertical,600,max,-0.8683209889692265
SZ,SZ20,left_hand_vertical,651,min,-0.9828325409797228
SZ,SZ20,left_hand_vertical,714,max,-0.8610638048860805
SZ,SZ20,left_hand_vertical,727,min,-0.945488174253982
SZ,SZ20,left_hand_vertical,752,min,-2.88726880772728
SZ,SZ20,left_hand_vertical,759,max,-2.788966491691232
SZ,SZ20,left_hand_vertical,798,min,-2.8625505056038416
SZ,SZ20,left_hand_vertical,848,max,-2.779965392289003
SZ,SZ20,right_hand_vertical,11,max,-2.9454097442246128
SZ,SZ20,right_hand_vertical,151,max,-0.7082490786238982
SZ,SZ20,right_hand_vertical,177,min,-1.2861917117442645
SZ,SZ20,right_hand_vertical,206,min,-1.3554958850194525
SZ,SZ20,right_hand_vertical,236,max,-1.2383723357469227
SZ,SZ20,right_hand_vertical,243,min,-1.2969281479041708
SZ,SZ20,right_hand_vertical,249,max,-1.2456614866872002
SZ,SZ20,right_hand_vertical,289,max,-1.1898875375504658
SZ,SZ20,right_hand_vertical,311,min,-1.245746527254467
SZ,SZ20,right_hand_vertical,339,max,-1.166351735536214
SZ,SZ20,right_hand_vertical,345,min,-1.227256840192677
SZ,SZ20,right_hand_vertical,435,min,-1.3382450087317008
SZ,SZ20,right_hand_vertical,498,min,-1.392726955523757
SZ,SZ20,right_hand_vertical,529,max,-0.8002421303873567
SZ,SZ20,right_hand_vertical,534,min,-0.906201981261706
SZ,SZ20,right_hand_vertical,577,max,-0.8444860173429992
SZ,SZ20,right_hand_vertical,614,min,-0.999331076099218
SZ,SZ20,right_hand_vertical,714,max,-0.8879206358025026
SZ,SZ20,right_hand_vertical,734,min,-0.9692768740544568
SZ,SZ20,right_hand_vertical,757,min,-2.86062634297969
SZ,SZ20,right_hand_vertical,844,max,-2.7518675922779523
SZ,SZ20,right_hand_vertical,884,min,-2.856722850243324
SZ,SZ20,left_hand_horizontal,11,min,0.201256152843288
SZ,SZ20,left_hand_horizontal,59,max,0.2605395950993079
SZ,SZ20,left_hand_horizontal,90,min,-0.1088375274739818
SZ,SZ20,left_hand_horizontal,134,max,-0.0154442209428411
SZ,SZ20,left_hand_horizontal,149,min,-0.7927722529829127
SZ,SZ20,left_hand_horizontal,169,max,-0.6369963094691315
SZ,SZ20,left_hand_horizontal,200,min,-0.6976689263966682
SZ,SZ20,left_hand_horizontal,219,max,-0.6446300708603981
SZ,SZ20,left_hand_horizontal,333,min,-0.6980296533759736
SZ,SZ20,left_hand_horizontal,530,max,-0.1398459169828536
SZ,SZ20,left_hand_horizontal,552,min,-0.4309629369191858
SZ,SZ20,left_hand_horizontal,561,max,-0.31211997889504
SZ,SZ20,left_hand_horizontal,576,min,-0.42427480407404
SZ,SZ20,left_hand_horizontal,605,max,-0.27439798604295
SZ,SZ20,left_hand_horizontal,659,min,-0.3269329880548963
SZ,SZ20,left_hand_horizontal,710,max,-0.2642894029922721
SZ,SZ20,left_hand_horizontal,738,min,-0.4547018753809396
SZ,SZ20,left_hand_horizontal,756,max,0.2521547949685752
SZ,SZ20,left_hand_horizontal,766,min,0.1813210227330426
SZ,SZ20,left_hand_horizontal,843,min,0.0681978499915216
SZ,SZ20,left_hand_horizontal,878,max,0.1202212279481816
SZ,SZ20,right_hand_horizontal,10,min,-0.1468368853929255
SZ,SZ20,right_hand_horizontal,151,max,0.4596930953977679
SZ,SZ20,right_hand_horizontal,178,max,0.7180323996398733
SZ,SZ20,right_hand_horizontal,235,min,0.6029341260842627
SZ,SZ20,right_hand_horizontal,243,max,0.6671192845245796
SZ,SZ20,right_hand_horizontal,530,min,0.1666091091271888
SZ,SZ20,right_hand_horizontal,541,max,0.3908352447905913
SZ,SZ20,right_hand_horizontal,552,min,0.2441065665706507
SZ,SZ20,right_hand_horizontal,565,max,0.3495033325445416
SZ,SZ20,right_hand_horizontal,577,min,0.2424294430832012
SZ,SZ20,right_hand_horizontal,587,max,0.2963319553367928
SZ,SZ20,right_hand_horizontal,602,max,0.3814409083568427
SZ,SZ20,right_hand_horizontal,746,min,-0.039675546940922
SZ,SZ20,right_hand_horizontal,761,max,0.0350885653222051
SZ,SZ20,right_hand_horizontal,878,max,0.093618507097514
SZ,SZ20,head_horizontal,4,min,-0.0095383535583512
SZ,SZ20,head_horizontal,29,max,0.1232861122877062
SZ,SZ20,head_horizontal,42,min,0.0600491469119279
SZ,SZ20,head_horizontal,83,max,0.1277893785683431
SZ,SZ20,head_horizontal,144,min,-0.0416888075505517
SZ,SZ20,head_horizontal,193,max,0.057877141524797
SZ,SZ20,head_horizontal,334,min,-0.0587812081054785
SZ,SZ20,head_horizontal,361,max,0.0171363270968483
SZ,SZ20,head_horizontal,381,min,-0.0684736106120264
SZ,SZ20,head_horizontal,418,min,-0.1852813666790382
SZ,SZ20,head_horizontal,453,max,-0.1212928230713391
SZ,SZ20,head_horizontal,554,max,0.0442726722805546
SZ,SZ20,head_horizontal,612,min,-0.0993043348730184
SZ,SZ20,head_horizontal,690,max,0.0373719587129891
SZ,SZ20,head_horizontal,705,min,-0.0491399335583206
SZ,SZ20,head_horizontal,755,max,0.0780358831891803
SZ,SZ20,head_horizontal,792,min,-0.0472555456993152
SZ,SZ20,head_horizontal,901,max,0.0243214114161049
SZ,SZ20,head_vertical,2,max,1.2244357485641295
SZ,SZ20,head_vertical,21,max,1.3391658148371703
SZ,SZ20,head_vertical,41,min,1.2176056899169534
SZ,SZ20,head_vertical,60,min,0.9797072099834638
SZ,SZ20,head_vertical,89,min,0.9189799699906578
SZ,SZ20,head_vertical,96,max,0.9896292928080884
SZ,SZ20,head_vertical,135,max,1.245956493999149
SZ,SZ20,head_vertical,190,min,1.0131556114359757
SZ,SZ20,head_vertical,229,min,0.9438034964690828
SZ,SZ20,head_vertical,245,min,0.8812270754107162
SZ,SZ20,head_vertical,265,min,0.7317913231531975
SZ,SZ20,head_vertical,279,max,0.8888459916393527
SZ,SZ20,head_vertical,290,min,0.837651456494422
SZ,SZ20,head_vertical,298,max,0.9174317627499716
SZ,SZ20,head_vertical,308,min,0.7097973456717773
SZ,SZ20,head_vertical,327,max,0.8692447680709819
SZ,SZ20,head_vertical,346,min,0.7692035040452645
SZ,SZ20,head_vertical,371,max,0.9338878670335422
SZ,SZ20,head_vertical,451,max,1.0000192394135812
SZ,SZ20,head_vertical,500,min,0.9269091085864536
SZ,SZ20,head_vertical,546,max,1.1403812891423883
SZ,SZ20,head_vertical,566,min,1.0627099621908576
SZ,SZ20,head_vertical,642,min,0.9463275724214746
SZ,SZ20,head_vertical,677,max,1.0285414310930123
SZ,SZ20,head_vertical,759,max,1.2903723638177562
SZ,SZ20,head_vertical,797,min,1.1792079324306095
SZ,SZ20,head_vertical,892,max,1.2561725789890166
SZ,SZ3,left_hand_vertical,1,max,-2.802218212119438
SZ,SZ3,left_hand_vertical,35,max,-2.747855040694788
SZ,SZ3,left_hand_vertical,219,min,-2.805847534198827
SZ,SZ3,left_hand_vertical,329,max,-2.733383302660119
SZ,SZ3,left_hand_vertical,382,min,-2.791972387413071
SZ,SZ3,left_hand_vertical,412,min,-2.8622785500826136
SZ,SZ3,left_hand_vertical,426,max,-2.8081956756263597
SZ,SZ3,left_hand_vertical,516,max,-2.66983184191055
SZ,SZ3,left_hand_vertical,555,min,-2.8584822662450784
SZ,SZ3,left_hand_vertical,565,max,-2.803573269876705
SZ,SZ3,left_hand_vertical,607,max,-2.7201096356030137
SZ,SZ3,left_hand_vertical,638,min,-2.860230654607333
SZ,SZ3,left_hand_vertical,652,max,-2.8059718812298917
SZ,SZ3,left_hand_vertical,669,min,-2.8840069423440733
SZ,SZ3,left_hand_vertical,685,max,-2.8326247995595457
SZ,SZ3,right_hand_vertical,1,min,-2.6591716952544053
SZ,SZ3,right_hand_vertical,13,max,-2.5602551240046165
SZ,SZ3,right_hand_vertical,37,min,-2.618370527438997
SZ,SZ3,right_hand_vertical,58,min,-2.681652277461637
SZ,SZ3,right_hand_vertical,88,min,-2.786109830610713
SZ,SZ3,right_hand_vertical,130,max,0.8715061807984822
SZ,SZ3,right_hand_vertical,149,min,0.5725202876811308
SZ,SZ3,right_hand_vertical,167,min,0.2547630095784051
SZ,SZ3,right_hand_vertical,179,max,0.9963026801280928
SZ,SZ3,right_hand_vertical,231,min,-2.573964485786095
SZ,SZ3,right_hand_vertical,250,min,-2.632069817504399
SZ,SZ3,right_hand_vertical,294,max,-2.4352554969638742
SZ,SZ3,right_hand_vertical,318,min,-2.576219963595205
SZ,SZ3,right_hand_vertical,344,min,-2.637079877846974
SZ,SZ3,right_hand_vertical,394,max,-2.5304485866589035
SZ,SZ3,right_hand_vertical,405,min,-2.61475676545668
SZ,SZ3,right_hand_vertical,425,min,-2.6898382550919497
SZ,SZ3,right_hand_vertical,489,min,-2.8076055008520164
SZ,SZ3,right_hand_vertical,509,max,-2.6982657013522915
SZ,SZ3,right_hand_vertical,521,min,-2.765288313830449
SZ,SZ3,right_hand_vertical,554,max,-2.462628854629794
SZ,SZ3,right_hand_vertical,584,min,-2.6486568525640264
SZ,SZ3,right_hand_vertical,704,min,-2.7158697005607
SZ,SZ3,right_hand_vertical,748,max,-2.547809659035994
SZ,SZ3,left_hand_horizontal,16,min,0.1593401915254913
SZ,SZ3,left_hand_horizontal,61,max,0.3240813717973667
SZ,SZ3,left_hand_horizontal,233,min,0.2625500607729141
SZ,SZ3,left_hand_horizontal,245,max,0.3166121694970231
SZ,SZ3,left_hand_horizontal,274,min,0.243554335502349
SZ,SZ3,left_hand_horizontal,301,min,0.1793674739933947
SZ,SZ3,left_hand_horizontal,333,max,0.257752359574006
SZ,SZ3,left_hand_horizontal,396,min,0.174371437961975
SZ,SZ3,left_hand_horizontal,427,max,0.2941134165844964
SZ,SZ3,left_hand_horizontal,515,max,0.4298607316922149
SZ,SZ3,left_hand_horizontal,536,max,0.5444579286775035
SZ,SZ3,left_hand_horizontal,560,min,0.1358485698421702
SZ,SZ3,left_hand_horizontal,607,max,0.3120693938003829
SZ,SZ3,left_hand_horizontal,634,min,0.1977844907809604
SZ,SZ3,left_hand_horizontal,642,max,0.2590682478150557
SZ,SZ3,left_hand_horizontal,652,min,0.1909033369821464
SZ,SZ3,left_hand_horizontal,664,max,0.2934923008075754
SZ,SZ3,left_hand_horizontal,675,min,0.2181414020190326
SZ,SZ3,left_hand_horizontal,706,max,0.3329649370120907
SZ,SZ3,left_hand_horizontal,721,min,0.2794789384980701
SZ,SZ3,right_hand_horizontal,1,min,-0.3689959834971466
SZ,SZ3,right_hand_horizontal,13,min,-0.4442464806573608
SZ,SZ3,right_hand_horizontal,32,max,-0.3190204458151626
SZ,SZ3,right_hand_horizontal,113,min,-0.5189180330098758
SZ,SZ3,right_hand_horizontal,128,max,-0.0969681963794407
SZ,SZ3,right_hand_horizontal,173,min,-0.3885421972281181
SZ,SZ3,right_hand_horizontal,189,max,-0.1238077660782797
SZ,SZ3,right_hand_horizontal,222,min,-0.5901868807903096
SZ,SZ3,right_hand_horizontal,248,max,-0.3650523817405088
SZ,SZ3,right_hand_horizontal,265,max,-0.2929756937740664
SZ,SZ3,right_hand_horizontal,277,min,-0.3686241934964072
SZ,SZ3,right_hand_horizontal,296,min,-0.5407820847230038
SZ,SZ3,right_hand_horizontal,333,max,-0.2612405279775318
SZ,SZ3,right_hand_horizontal,347,min,-0.3693072107557897
SZ,SZ3,right_hand_horizontal,353,max,-0.3109075658733137
SZ,SZ3,right_hand_horizontal,366,min,-0.3734125799972874
SZ,SZ3,right_hand_horizontal,464,max,-0.3126228921541283
SZ,SZ3,right_hand_horizontal,528,max,-0.0946839158515744
SZ,SZ3,right_hand_horizontal,558,min,-0.4920861607432404
SZ,SZ3,right_hand_horizontal,577,max,-0.3341434063512934
SZ,SZ3,right_hand_horizontal,610,max,-0.2761192924112439
SZ,SZ3,right_hand_horizontal,627,min,-0.3535276519811307
SZ,SZ3,right_hand_horizontal,655,min,-0.4206605771159242
SZ,SZ3,right_hand_horizontal,681,max,-0.3484208166849918
SZ,SZ3,right_hand_horizontal,691,min,-0.4085869781097176
SZ,SZ3,right_hand_horizontal,708,max,-0.3116338811888423
SZ,SZ3,right_hand_horizontal,745,min,-0.5308092231292484
SZ,SZ3,head_horizontal,6,min,-0.1705093639973912
SZ,SZ3,head_horizontal,171,max,-0.0530081461298964
SZ,SZ3,head_horizontal,246,min,-0.1648432488331891
SZ,SZ3,head_horizontal,540,min,-0.2654943519637084
SZ,SZ3,head_horizontal,552,max,-0.1952490341326549
SZ,SZ3,head_horizontal,599,max,-0.1438157650371905
SZ,SZ3,head_horizontal,637,min,-0.2015893767716667
SZ,SZ3,head_horizontal,664,max,-0.1405383164372238
SZ,SZ3,head_horizontal,721,min,-0.2179945749280779
SZ,SZ3,head_vertical,1,max,1.0641038382714092
SZ,SZ3,head_vertical,102,min,1.002349008417304
SZ,SZ3,head_vertical,125,min,0.9507318956066354
SZ,SZ3,head_vertical,149,max,1.0078000900411148
SZ,SZ3,head_vertical,171,max,1.092145076244392
SZ,SZ3,head_vertical,197,min,0.931200613504783
SZ,SZ3,head_vertical,230,max,1.1198809884207646
SZ,SZ3,head_vertical,300,min,0.9209301699676058
SZ,SZ3,head_vertical,330,max,1.005434844615381
SZ,SZ3,head_vertical,469,max,1.067197376771078
SZ,SZ3,head_vertical,495,min,0.967182607038381
SZ,SZ3,head_vertical,607,max,1.0208173531059463
SZ,SZ3,head_vertical,642,min,0.9588896450987864
SZ,SZ4,head_horizontal,5,min,0.0359731562344304
SZ,SZ4,head_horizontal,123,max,0.1443907974038197
SZ,SZ4,head_horizontal,305,min,0.0925645732605113
SZ,SZ4,head_horizontal,504,min,0.0270176918139947
SZ,SZ4,head_horizontal,555,max,0.0950399549876311
SZ,SZ4,head_horizontal,723,min,0.0115290503515509
SZ,SZ4,head_horizontal,763,max,0.0931007284727473
SZ,SZ4,head_vertical,36,min,1.0924066905369578
SZ,SZ4,head_vertical,237,min,1.0379744511456517
SZ,SZ4,head_vertical,510,max,1.1092982635290214
SZ,SZ4,head_vertical,631,min,1.054748006859652
SZ,SZ4,head_vertical,766,max,1.107434824583565
SZ,SZ4,head_vertical,810,min,1.047398222481597
SZ,SZ5,left_hand_vertical,6,max,-2.629939586574791
SZ,SZ5,left_hand_vertical,30,min,-2.870702517387943
SZ,SZ5,left_hand_vertical,70,max,-1.4152423040811508
SZ,SZ5,left_hand_vertical,79,min,-1.4740309197748174
SZ,SZ5,left_hand_vertical,88,max,-1.357527826737449
SZ,SZ5,left_hand_vertical,119,max,-1.1619840799764127
SZ,SZ5,left_hand_vertical,138,min,-1.4535836293940605
SZ,SZ5,left_hand_vertical,147,max,-1.2168715729492343
SZ,SZ5,left_hand_vertical,160,min,-1.3868986645315018
SZ,SZ5,left_hand_vertical,170,max,-1.2672211955039614
SZ,SZ5,left_hand_vertical,177,min,-1.3480740680922083
SZ,SZ5,left_hand_vertical,186,max,-0.7688869601022887
SZ,SZ5,left_hand_vertical,196,min,-1.4865181199209756
SZ,SZ5,left_hand_vertical,215,max,-1.3158604107774363
SZ,SZ5,left_hand_vertical,235,max,-0.8278836244434052
SZ,SZ5,left_hand_vertical,262,min,-0.9339290500718797
SZ,SZ5,left_hand_vertical,286,min,-1.4563469996343077
SZ,SZ5,left_hand_vertical,310,max,-1.1620027459852442
SZ,SZ5,left_hand_vertical,337,min,-1.2263230557314728
SZ,SZ5,left_hand_vertical,352,min,-1.7022861155900346
SZ,SZ5,left_hand_vertical,390,max,-0.04787706573122
SZ,SZ5,left_hand_vertical,399,min,-1.3045665385963765
SZ,SZ5,left_hand_vertical,413,max,-1.0248436902821558
SZ,SZ5,left_hand_vertical,428,min,-1.2622632269217702
SZ,SZ5,left_hand_vertical,447,max,-0.6967701311347024
SZ,SZ5,left_hand_vertical,455,max,-0.635473994559773
SZ,SZ5,left_hand_vertical,465,min,-1.27722856593007
SZ,SZ5,left_hand_vertical,484,max,-1.027776814446263
SZ,SZ5,left_hand_vertical,490,min,-1.082530345735321
SZ,SZ5,left_hand_vertical,498,max,-0.7082434370734281
SZ,SZ5,left_hand_vertical,507,min,-0.8092685393367262
SZ,SZ5,left_hand_vertical,531,max,-0.5633586381079704
SZ,SZ5,left_hand_vertical,543,min,-1.22501099449662
SZ,SZ5,left_hand_vertical,571,max,-0.4082192540465007
SZ,SZ5,left_hand_vertical,580,min,-0.474470551110157
SZ,SZ5,left_hand_vertical,602,max,-0.4072016228430475
SZ,SZ5,left_hand_vertical,609,min,-0.4642672874491741
SZ,SZ5,left_hand_vertical,664,min,-1.927317689782354
SZ,SZ5,left_hand_vertical,673,max,-1.655852181555299
SZ,SZ5,left_hand_vertical,705,min,-1.831886932651404
SZ,SZ5,left_hand_vertical,881,max,-0.3077576765720702
SZ,SZ5,left_hand_vertical,899,min,-0.4025834742722727
SZ,SZ5,left_hand_vertical,912,min,-0.4807479007345362
SZ,SZ5,right_hand_vertical,16,min,-2.875928663552749
SZ,SZ5,right_hand_vertical,39,max,-2.7362643031581158
SZ,SZ5,right_hand_vertical,92,min,-2.797383597106464
SZ,SZ5,right_hand_vertical,214,min,-2.868372274437764
SZ,SZ5,right_hand_vertical,294,max,-2.803840828555495
SZ,SZ5,right_hand_vertical,306,min,-2.8603184657652734
SZ,SZ5,right_hand_vertical,355,max,-2.776194313989483
SZ,SZ5,right_hand_vertical,387,min,-2.9078227204398024
SZ,SZ5,right_hand_vertical,403,max,-2.79195071200197
SZ,SZ5,right_hand_vertical,460,min,-2.863224595876246
SZ,SZ5,right_hand_vertical,531,min,-2.9184841193240776
SZ,SZ5,right_hand_vertical,576,min,-2.969631678487169
SZ,SZ5,right_hand_vertical,674,max,-1.6062845376632169
SZ,SZ5,right_hand_vertical,696,min,-1.892546556772872
SZ,SZ5,right_hand_vertical,761,max,-1.839923519201466
SZ,SZ5,left_hand_horizontal,6,max,0.0922358362859666
SZ,SZ5,left_hand_horizontal,16,min,-0.1144275011515248
SZ,SZ5,left_hand_horizontal,61,max,0.0003040439831384
SZ,SZ5,left_hand_horizontal,74,min,-0.1816040493178828
SZ,SZ5,left_hand_horizontal,84,max,-0.1138648890533932
SZ,SZ5,left_hand_horizontal,141,max,0.0065809500246379
SZ,SZ5,left_hand_horizontal,149,min,-0.155635368010944
SZ,SZ5,left_hand_horizontal,162,max,-0.0704552271855105
SZ,SZ5,left_hand_horizontal,172,min,-0.1378407049562939
SZ,SZ5,left_hand_horizontal,184,max,-0.0520094769100105
SZ,SZ5,left_hand_horizontal,222,min,-0.1468059336380317
SZ,SZ5,left_hand_horizontal,239,min,-0.229317178407674
SZ,SZ5,left_hand_horizontal,274,min,-0.4182899830084458
SZ,SZ5,left_hand_horizontal,286,max,-0.1847432273862275
SZ,SZ5,left_hand_horizontal,301,min,-0.3710368893737213
SZ,SZ5,left_hand_horizontal,321,max,-0.205348938596765
SZ,SZ5,left_hand_horizontal,342,min,-0.3874550161119778
SZ,SZ5,left_hand_horizontal,361,max,0.5080038409227241
SZ,SZ5,left_hand_horizontal,382,min,0.2397117035532541
SZ,SZ5,left_hand_horizontal,401,min,-0.1677787548649973
SZ,SZ5,left_hand_horizontal,412,max,-0.0791339544486
SZ,SZ5,left_hand_horizontal,432,max,0.1572034452070534
SZ,SZ5,left_hand_horizontal,443,min,-0.1000085300018617
SZ,SZ5,left_hand_horizontal,456,max,-0.0051436283670103
SZ,SZ5,left_hand_horizontal,468,min,-0.0842195900458891
SZ,SZ5,left_hand_horizontal,496,max,-0.0096442657629963
SZ,SZ5,left_hand_horizontal,505,min,-0.1363065773721888
SZ,SZ5,left_hand_horizontal,516,max,0.0220305856429045
SZ,SZ5,left_hand_horizontal,529,min,-0.029929775673831
SZ,SZ5,left_hand_horizontal,544,max,0.0904747805325114
SZ,SZ5,left_hand_horizontal,578,min,-0.1380486466747461
SZ,SZ5,left_hand_horizontal,666,max,0.22886076957031
SZ,SZ5,left_hand_horizontal,679,min,0.0725119091954205
SZ,SZ5,left_hand_horizontal,696,max,0.1555093201078375
SZ,SZ5,left_hand_horizontal,715,min,0.0471070665656995
SZ,SZ5,left_hand_horizontal,778,max,0.1232869315229621
SZ,SZ5,left_hand_horizontal,815,min,0.0457923338305517
SZ,SZ5,left_hand_horizontal,869,max,0.2753372558274205
SZ,SZ5,left_hand_horizontal,887,min,-0.324045606907027
SZ,SZ5,right_hand_horizontal,3,max,-0.1086522045595937
SZ,SZ5,right_hand_horizontal,90,min,-0.168210756296187
SZ,SZ5,right_hand_horizontal,142,max,-0.1055951355443327
SZ,SZ5,right_hand_horizontal,168,max,-0.0364838064956319
SZ,SZ5,right_hand_horizontal,288,max,0.0355683535384906
SZ,SZ5,right_hand_horizontal,330,min,-0.1120996961825041
SZ,SZ5,right_hand_horizontal,425,max,-0.0565038344694099
SZ,SZ5,right_hand_horizontal,513,max,0.0531484949470412
SZ,SZ5,right_hand_horizontal,585,min,-0.0041975109326371
SZ,SZ5,right_hand_horizontal,611,min,-0.133073291437443
SZ,SZ5,right_hand_horizontal,663,min,-0.2849475140297933
SZ,SZ5,right_hand_horizontal,696,max,-0.0016889862985196
SZ,SZ5,right_hand_horizontal,718,min,-0.0998658384277166
SZ,SZ5,right_hand_horizontal,774,max,-0.039089763453202
SZ,SZ5,right_hand_horizontal,826,min,-0.1144125028073302
SZ,SZ5,head_horizontal,13,max,0.1160818807420986
SZ,SZ5,head_horizontal,37,min,-0.0605675113432112
SZ,SZ5,head_horizontal,80,max,-0.0026596798109371
SZ,SZ5,head_horizontal,136,max,0.0568933136873323
SZ,SZ5,head_horizontal,158,min,-0.0628230778404917
SZ,SZ5,head_horizontal,232,max,-0.0083423203563064
SZ,SZ5,head_horizontal,314,max,0.0849528570309288
SZ,SZ5,head_horizontal,345,min,0.0173452753132777
SZ,SZ5,head_horizontal,402,min,-0.0850406160742948
SZ,SZ5,head_horizontal,435,min,-0.1493588924448966
SZ,SZ5,head_horizontal,445,max,-0.0801581966236
SZ,SZ5,head_horizontal,477,max,-0.0041572204310399
SZ,SZ5,head_horizontal,540,max,0.2287201444852881
SZ,SZ5,head_horizontal,559,max,0.2879294095447895
SZ,SZ5,head_horizontal,698,min,-0.136605011032242
SZ,SZ5,head_horizontal,714,max,-0.0712123410618131
SZ,SZ5,head_horizontal,774,min,-0.1308656863901212
SZ,SZ5,head_horizontal,817,max,-0.0676512342739111
SZ,SZ5,head_horizontal,878,max,0.0353324785163799
SZ,SZ5,head_vertical,3,max,1.054793612241519
SZ,SZ5,head_vertical,44,max,1.1797690311185616
SZ,SZ5,head_vertical,76,min,0.8777808543794464
SZ,SZ5,head_vertical,137,min,0.821084468551282
SZ,SZ5,head_vertical,151,max,0.978838570849532
SZ,SZ5,head_vertical,188,max,1.039272341955481
SZ,SZ5,head_vertical,212,min,0.9608080598499557
SZ,SZ5,head_vertical,290,min,0.851250292403216
SZ,SZ5,head_vertical,309,max,0.9577753980683944
SZ,SZ5,head_vertical,434,min,0.6946704010623046
SZ,SZ5,head_vertical,482,max,1.0957385679440204
SZ,SZ5,head_vertical,515,min,0.8879141678492527
SZ,SZ5,head_vertical,575,min,0.7087128165707438
SZ,SZ5,head_vertical,666,max,0.7740517721386436
SZ,SZ5,head_vertical,691,max,0.9307773199188756
SZ,SZ5,head_vertical,714,max,1.022542100164313
SZ,SZ5,head_vertical,849,min,0.9089566579751402
SZ,SZ5,head_vertical,900,min,0.7718140960700304
SZ,SZ6,left_hand_vertical,9,max,0.1345783426682566
SZ,SZ6,left_hand_vertical,96,min,0.0806400577704194
SZ,SZ6,left_hand_vertical,151,min,-2.6087249915361834
SZ,SZ6,left_hand_vertical,193,max,-2.556302977364067
SZ,SZ6,left_hand_vertical,477,max,-1.047869171849458
SZ,SZ6,left_hand_vertical,484,min,-1.1155097486521468
SZ,SZ6,left_hand_vertical,513,min,-2.6052737280432026
SZ,SZ6,left_hand_vertical,681,max,0.0536272254434621
SZ,SZ6,left_hand_vertical,696,max,0.1122459769850649
SZ,SZ6,left_hand_vertical,716,min,0.0547799380049367
SZ,SZ6,left_hand_vertical,729,max,0.1209961647042796
SZ,SZ6,left_hand_vertical,743,min,0.0403611796958899
SZ,SZ6,left_hand_vertical,793,min,-2.43207219412521
SZ,SZ6,left_hand_vertical,815,min,-2.5184479573352894
SZ,SZ6,left_hand_vertical,830,min,-2.626916937624253
SZ,SZ6,left_hand_vertical,846,max,-2.2797768835228087
SZ,SZ6,left_hand_vertical,864,min,-2.7748773194481937
SZ,SZ6,left_hand_vertical,893,max,-2.138143199875264
SZ,SZ6,right_hand_vertical,13,max,-2.5085985484468933
SZ,SZ6,right_hand_vertical,180,min,-2.5758199528506958
SZ,SZ6,right_hand_vertical,209,max,0.6247957532213977
SZ,SZ6,right_hand_vertical,222,min,0.5618154313404494
SZ,SZ6,right_hand_vertical,291,min,-2.565953320716861
SZ,SZ6,right_hand_vertical,306,max,-2.5105378472625377
SZ,SZ6,right_hand_vertical,355,max,0.5978762014380037
SZ,SZ6,right_hand_vertical,390,min,-2.55980185800924
SZ,SZ6,right_hand_vertical,555,max,-2.500684087448037
SZ,SZ6,right_hand_vertical,620,min,-2.573658369022372
SZ,SZ6,right_hand_vertical,670,max,-2.5220243136672256
SZ,SZ6,right_hand_vertical,801,min,-2.573745202344859
SZ,SZ6,right_hand_vertical,809,max,-2.4923303842303377
SZ,SZ6,right_hand_vertical,818,min,-2.5662894955737623
SZ,SZ6,left_hand_horizontal,26,min,-0.3800641158815846
SZ,SZ6,left_hand_horizontal,158,max,0.2851564239282376
SZ,SZ6,left_hand_horizontal,205,max,0.3500959254527175
SZ,SZ6,left_hand_horizontal,311,min,0.2649735867180844
SZ,SZ6,left_hand_horizontal,347,max,0.3488723579316437
SZ,SZ6,left_hand_horizontal,382,min,0.2976659391653302
SZ,SZ6,left_hand_horizontal,473,min,-0.1344359886590367
SZ,SZ6,left_hand_horizontal,496,max,0.0761373460682893
SZ,SZ6,left_hand_horizontal,525,max,0.2984139862074131
SZ,SZ6,left_hand_horizontal,567,max,0.3850881571486311
SZ,SZ6,left_hand_horizontal,592,min,0.2884534101615367
SZ,SZ6,left_hand_horizontal,708,min,-0.3573383455091014
SZ,SZ6,left_hand_horizontal,787,max,0.1048678976000486
SZ,SZ6,left_hand_horizontal,851,min,0.0420209579777403
SZ,SZ6,left_hand_horizontal,862,min,-0.0538689150113682
SZ,SZ6,left_hand_horizontal,899,max,0.2712235923554513
SZ,SZ6,right_hand_horizontal,6,min,-0.4182306115897449
SZ,SZ6,right_hand_horizontal,140,max,-0.3651569581373721
SZ,SZ6,right_hand_horizontal,162,min,-0.4386886269406787
SZ,SZ6,right_hand_horizontal,180,max,-0.3415882812421609
SZ,SZ6,right_hand_horizontal,195,min,-0.4011103055223134
SZ,SZ6,right_hand_horizontal,209,max,-0.020281779930812
SZ,SZ6,right_hand_horizontal,285,min,-0.3960084974954307
SZ,SZ6,right_hand_horizontal,348,max,-0.0119891461184907
SZ,SZ6,right_hand_horizontal,391,min,-0.4594512975063866
SZ,SZ6,right_hand_horizontal,408,max,-0.3156223840696034
SZ,SZ6,right_hand_horizontal,420,min,-0.3698168654148422
SZ,SZ6,right_hand_horizontal,564,min,-0.4400214318774694
SZ,SZ6,right_hand_horizontal,643,max,-0.3513071762532168
SZ,SZ6,right_hand_horizontal,809,max,-0.2160141060342197
SZ,SZ6,right_hand_horizontal,826,min,-0.3161201708482743
SZ,SZ6,head_horizontal,5,max,0.0272960521118642
SZ,SZ6,head_horizontal,39,min,-0.0255336587216662
SZ,SZ6,head_horizontal,299,max,0.0483040609301512
SZ,SZ6,head_horizontal,350,min,-0.0645524928577386
SZ,SZ6,head_horizontal,378,max,0.0650719887571324
SZ,SZ6,head_horizontal,564,min,-0.0123988518477688
SZ,SZ6,head_horizontal,598,max,0.0588259086556952
SZ,SZ6,head_horizontal,615,min,-0.0042163027550735
SZ,SZ6,head_vertical,15,min,1.2177903059584831
SZ,SZ6,head_vertical,31,max,1.3093177908541036
SZ,SZ6,head_vertical,45,min,1.2383210691920832
SZ,SZ6,head_vertical,63,max,1.3285597686589286
SZ,SZ6,head_vertical,86,min,1.2445943205378598
SZ,SZ6,head_vertical,106,min,1.182741658865894
SZ,SZ6,head_vertical,136,max,1.2416513063359846
SZ,SZ6,head_vertical,164,min,1.1647629366005323
SZ,SZ6,head_vertical,188,max,1.25538070422287
SZ,SZ6,head_vertical,221,min,1.1994404599993806
SZ,SZ6,head_vertical,265,max,1.336781006450749
SZ,SZ6,head_vertical,299,min,1.1949561717055248
SZ,SZ6,head_vertical,318,max,1.2485018361679483
SZ,SZ6,head_vertical,370,max,1.3165433123964072
SZ,SZ6,head_vertical,475,min,1.2580924820460846
SZ,SZ6,head_vertical,499,max,1.314742090933337
SZ,SZ6,head_vertical,564,min,1.0975245665241018
SZ,SZ6,head_vertical,586,max,1.198310756116131
SZ,SZ6,head_vertical,601,min,1.0860498448071336
SZ,SZ6,head_vertical,622,max,1.1873243009394034
SZ,SZ6,head_vertical,671,max,1.3258961036970378
SZ,SZ6,head_vertical,690,min,1.1853371288209449
SZ,SZ6,head_vertical,711,max,1.2371911955952162
SZ,SZ6,head_vertical,719,min,1.1691536411102037
SZ,SZ6,head_vertical,744,max,1.2429420076007454
SZ,SZ6,head_vertical,755,min,1.177430677072092
SZ,SZ6,head_vertical,763,min,1.1181425565502998
SZ,SZ6,head_vertical,789,max,1.2680955606067854
SZ,SZ6,head_vertical,864,min,1.2012726295457854
SZ,SZ7,left_hand_vertical,2,max,-2.8611259717891526
SZ,SZ7,left_hand_vertical,121,max,-1.4438486748421986
SZ,SZ7,left_hand_vertical,149,min,-1.680912947557411
SZ,SZ7,left_hand_vertical,568,max,-1.62856108079953
SZ,SZ7,left_hand_vertical,826,min,-1.7321014964363926
SZ,SZ7,right_hand_vertical,4,max,-2.719381813473103
SZ,SZ7,right_hand_vertical,104,min,-2.77840923808178
SZ,SZ7,right_hand_vertical,127,min,-2.8568613332226183
SZ,SZ7,right_hand_vertical,314,min,-2.911277746840644
SZ,SZ7,right_hand_vertical,331,min,-2.9754772260700046
SZ,SZ7,right_hand_vertical,353,max,-2.8803405476666226
SZ,SZ7,right_hand_vertical,513,max,-2.807605299615075
SZ,SZ7,right_hand_vertical,593,max,-2.7389785004034644
SZ,SZ7,right_hand_vertical,793,min,-2.803267050525058
SZ,SZ7,right_hand_vertical,821,min,-2.8846459529323214
SZ,SZ7,right_hand_vertical,860,max,-2.7647900184320906
SZ,SZ7,left_hand_horizontal,32,min,0.2829323824721078
SZ,SZ7,left_hand_horizontal,98,max,0.3634050761597815
SZ,SZ7,left_hand_horizontal,131,min,0.2383629898099625
SZ,SZ7,left_hand_horizontal,299,min,0.1517411558522098
SZ,SZ7,left_hand_horizontal,370,max,0.2051721641189628
SZ,SZ7,left_hand_horizontal,488,max,0.2701693102429633
SZ,SZ7,left_hand_horizontal,504,min,0.1866096938964632
SZ,SZ7,left_hand_horizontal,530,min,0.1032615102254788
SZ,SZ7,left_hand_horizontal,786,max,0.1730917415392064
SZ,SZ7,left_hand_horizontal,810,max,0.2459612749554219
SZ,SZ7,left_hand_horizontal,868,min,0.1351039292303679
SZ,SZ7,left_hand_horizontal,894,min,0.0770427773611819
SZ,SZ7,right_hand_horizontal,1,max,-0.3751728385698724
SZ,SZ7,right_hand_horizontal,101,max,-0.2897890659437783
SZ,SZ7,right_hand_horizontal,141,max,-0.1748130928203285
SZ,SZ7,right_hand_horizontal,301,min,-0.2768743598713309
SZ,SZ7,right_hand_horizontal,377,max,-0.2057209382158765
SZ,SZ7,right_hand_horizontal,505,min,-0.309914040757887
SZ,SZ7,right_hand_horizontal,784,max,-0.196486772935803
SZ,SZ7,right_hand_horizontal,797,max,-0.1306711748117498
SZ,SZ7,right_hand_horizontal,843,min,-0.1918533103557315
SZ,SZ7,head_horizontal,14,min,-0.0304522411505065
SZ,SZ7,head_horizontal,110,min,-0.1536799310118247
SZ,SZ7,head_horizontal,122,max,-0.0914384711617269
SZ,SZ7,head_horizontal,316,max,-0.0342724289286406
SZ,SZ7,head_horizontal,344,min,-0.0957805489363344
SZ,SZ7,head_horizontal,498,max,-0.0251249910971122
SZ,SZ7,head_horizontal,510,max,0.0467538551573731
SZ,SZ7,head_horizontal,755,min,-0.0248469890403431
SZ,SZ7,head_horizontal,792,min,-0.0942115265823531
SZ,SZ7,head_horizontal,858,min,-0.1610120015904595
SZ,SZ7,head_horizontal,875,max,-0.0809447344715227
SZ,SZ7,head_horizontal,900,max,-0.0246393319483171
SZ,SZ7,head_vertical,6,min,1.0642706467292842
SZ,SZ7,head_vertical,120,min,0.9793574105678768
SZ,SZ7,head_vertical,175,max,1.0384401431501362
SZ,SZ7,head_vertical,309,max,1.131714366186135
SZ,SZ7,head_vertical,329,min,1.0671199015902566
SZ,SZ7,head_vertical,485,min,0.9696244353499048
SZ,SZ7,head_vertical,536,min,0.8674167013196669
SZ,SZ7,head_vertical,586,max,0.9304194005518832
SZ,SZ7,head_vertical,813,max,0.9947492712773404
SZ,SZ7,head_vertical,856,min,0.9349097795194148
SZ,SZ7,head_vertical,878,max,0.9865226506909476
SZ,SZ8,left_hand_vertical,39,max,-1.96302675800861
SZ,SZ8,right_hand_vertical,9,min,-1.904754645648519
SZ,SZ8,left_hand_horizontal,9,min,0.1251499503208424
SZ,SZ8,right_hand_horizontal,40,max,-0.1386233516958355
SZ,SZ8,head_horizontal,4,max,-0.1087114908830881
SZ,SZ8,head_horizontal,834,max,-0.0565227704127995
SZ,SZ8,head_vertical,49,max,1.1192720448023
SZ,SZ8,head_vertical,420,min,1.064293072238952
SZ,SZ8,head_vertical,595,max,1.162024940569058
SZ,SZ9,left_hand_vertical,1,max,-2.628614468161917
SZ,SZ9,left_hand_vertical,188,max,-2.503837092704124
SZ,SZ9,left_hand_vertical,225,min,-2.6427014052076
SZ,SZ9,left_hand_vertical,916,max,-2.57430552652216
SZ,SZ9,right_hand_vertical,1,min,-2.5670609045343182
SZ,SZ9,right_hand_vertical,174,max,-2.471932019282136
SZ,SZ9,right_hand_vertical,214,min,-2.531868703196959
SZ,SZ9,right_hand_vertical,683,min,-2.589754674256454
SZ,SZ9,left_hand_horizontal,1,max,0.2076413220519953
SZ,SZ9,left_hand_horizontal,203,max,0.2776808916523036
SZ,SZ9,left_hand_horizontal,244,min,0.2232899344704274
SZ,SZ9,right_hand_horizontal,11,min,-0.2783633199902031
SZ,SZ9,head_horizontal,2,min,-0.0217184400472203
SZ,SZ9,head_vertical,18,min,1.0106317041994288
SZ,SZ9,head_vertical,190,min,0.834000085454414
SZ,SZ9,head_vertical,236,max,0.972046267409683
SZ,SZ9,head_vertical,576,max,1.0336007990851532
